,NSE,MSE,RMSE,KGE,Alpha-NSE,Beta-KGE,Beta-NSE,Pearson-r,FHV,FMS,FLV,Peak-Timing,Basin_ID
0,0.46902161836624146,2.6540703773498535,1.629131786366546,0.7202278238162052,0.9560766816139221,1.0630645751953125,0.12108605355024338,0.7309905726112812,-16.862429678440094,13.030762409647412,-0.3429553009225168,1.4736842105263157,camelsbr_17345000
1,0.745341569185257,1.5764822959899902,1.2555804617745492,0.8154501385709838,0.8766360282897949,1.014777660369873,0.013657995499670506,0.8635390070703518,-6.442859023809433,-24.54407468399801,19.656152214252405,1.4,camelsbr_17350000
2,0.10749536752700806,2.5527353286743164,1.5977281773425405,0.1793206228846146,0.39498016238212585,0.8191431164741516,-0.3352319002151489,0.4758278681648023,-54.24780249595642,2.4372085244099626,-309.68567280078474,1.2666666666666666,camelsbr_21750000
3,0.6245067119598389,2.145697832107544,1.4648200681679453,0.6768722420998907,0.7702050805091858,1.0946226119995117,0.06749098002910614,0.7934754150224441,-29.810568690299988,-18.13849308515314,31.912032960904757,1.1428571428571428,camelsbr_24780000
4,0.28329694271087646,17.019058227539062,4.125416127803238,0.3584276281547909,0.5795409679412842,0.8473162055015564,-0.08272950351238251,0.5400902593194051,-47.66722917556763,-2.8316097963427493,50.416135915001526,1.2,camelsbr_25100000
5,0.6415338218212128,1.2203563451766968,1.1046973998234524,0.7766986160151013,0.8904058933258057,0.997920572757721,-0.00218635774217546,0.8054535637586734,-11.499176174402237,-6.776315565765725,27.204994217052413,1.6153846153846154,camelsbr_27550000
6,0.5273644924163818,1.0793592929840088,1.038922178502321,0.745580702448112,1.054282546043396,1.128870964050293,0.14671941101551056,0.7874562191298208,3.6862224340438843,3.3767454990740324,35.94126246918177,1.8333333333333333,camelsbr_28150000
7,0.7465066611766815,1.9433870315551758,1.3940541709543341,0.8218767215889967,0.8860763907432556,1.0191857814788818,0.01584155485033989,0.8644226443876227,-16.494086384773254,-10.36078087563124,45.87538013278015,1.2142857142857142,camelsbr_32400000
8,0.37732774019241333,0.01365107111632824,0.11683779832027065,0.3666157453723917,0.48725661635398865,0.9348545074462891,-0.05478588491678238,0.6339045188241946,-52.584123611450195,-21.065940391359085,91.17987306526742,1.5,camelsbr_33270000
9,0.04794949293136597,0.0944085493683815,0.3072597425117412,0.06406570904085629,0.7465571165084839,1.817861795425415,0.5687734484672546,0.6220558435638706,-16.92270189523697,-68.69598412431472,67.66292492774417,1.1538461538461537,camelsbr_34730000
10,-0.8041828870773315,1.6508108377456665,1.2848388372654629,-0.5939188480217719,1.6464042663574219,2.3987505435943604,0.2092844545841217,0.5922798321048406,90.22819399833679,-83.38829615351277,-607027587890.625,1.1111111111111112,camelsbr_35240000
11,-0.9694129228591919,2.6804096698760986,1.6371956724460577,-0.041829601051273535,1.6909091472625732,1.6529951095581055,0.22518664598464966,0.5737948208330198,65.79415798187256,-76.00945504933337,-661573388671.875,1.0833333333333333,camelsbr_35263000
12,-0.24662506580352783,3.078538179397583,1.7545763532538512,0.05206853488987184,1.0734968185424805,1.7662861347198486,0.23153401911258698,0.4468473628860821,4.194385930895805,53.44840846705494,65.15589631940222,1.0,camelsbr_35740000
13,-0.12101292610168457,0.3168181777000427,0.5628660388583084,0.18632104714851794,1.0597821474075317,1.6238170862197876,0.13192422688007355,0.48100888629468563,21.728159487247467,-82.66899422086692,-466520214843.75,1.2222222222222223,camelsbr_35830000
14,-0.6098695993423462,0.528177797794342,0.7267584177664144,0.09485542266791569,1.346412181854248,1.6437684297561646,0.22951698303222656,0.46628892180699577,31.90094232559204,-83.14417529951218,-1094298730468.75,1.7142857142857142,camelsbr_36210000
15,-0.05945885181427002,0.0484149269759655,0.22003392233009322,-0.07738063008408513,0.38529589772224426,1.0446633100509644,0.02529721148312092,0.11631845246233061,-59.31950807571411,-57.767792509332835,56.00123160063878,1.3888888888888888,camelsbr_37220000
16,0.25580525398254395,0.8058142066001892,0.8976715471708955,0.2117809137960761,0.46106627583503723,0.6834648847579956,-0.10433568805456161,0.5197445579355048,-55.33602237701416,-69.41581446477308,-33.441473204540934,1.7,camelsbr_39084010
17,0.25728678703308105,0.7173516154289246,0.8469661241330284,0.3237434195706319,0.6122778654098511,0.6985846161842346,-0.1519010215997696,0.5350878843027689,-36.87272369861603,-46.82571425410211,2.7349641347365212,1.5714285714285714,camelsbr_39084020
18,-0.04406094551086426,0.034302208572626114,0.1852085542641757,-1.0711271803822093,0.3082253336906433,2.754739999771118,0.19526106119155884,0.14448662104336768,-67.01437830924988,128641057.01446533,-709570410156.25,0.8333333333333334,camelsbr_39100000
19,0.04868584871292114,4.384684085845947,2.093963726010063,-0.2275643709932651,0.13431118428707123,0.46749603748321533,-0.1302659809589386,0.3115694013296909,-85.61091423034668,-56.52017566726002,-100.4175943411906,1.1,camelsbr_39170000
20,0.5715746879577637,1.0284295082092285,1.0141151355784157,0.5013832442751804,0.5488011240959167,0.925000011920929,-0.08330951631069183,0.8014723060614081,-41.19085967540741,-37.24674645002692,82.78866193088533,1.0,camelsbr_39480000
21,0.47379207611083984,0.8755242228507996,0.9356945136372231,0.6406543878607096,0.8115497827529907,0.9393452405929565,-0.06273464113473892,0.7001053772662971,-17.81376451253891,3.1783223670726555,86.78187485740733,1.2857142857142858,camelsbr_39580000
22,0.4287945032119751,5.123788833618164,2.2635787668243763,0.4199791031022184,0.5527479648590088,0.8055112361907959,-0.15524739027023315,0.6860509935478117,-45.63347399234772,15.59898801976567,-7.811028585300707,0.7647058823529411,camelsbr_40025000
23,0.5431801080703735,5.8855366706848145,2.4260125042309273,0.5242887173041539,0.6068079471588135,0.890892505645752,-0.07382283359766006,0.7554661807798388,-40.085795521736145,-12.362579718088202,-21.244725244864576,0.625,camelsbr_40037000
24,0.5324195623397827,2.856520175933838,1.6901243078347337,0.5440472795314907,0.6269793510437012,1.014096975326538,0.011156382970511913,0.7381799204768679,-43.14429461956024,-11.174709610297228,51.07821342238745,0.9375,camelsbr_40040000
25,0.6857181489467621,1.5449612140655518,1.242964687376738,0.7654224293463447,0.8405959010124207,1.009954810142517,0.005523099564015865,0.8281923411638611,-16.541028022766113,-13.3676023755251,78.09676554430864,1.0,camelsbr_40053000
26,0.30839991569519043,1.0101168155670166,1.00504567834851,0.6232456474415073,1.252239465713501,1.1616657972335815,0.23634904623031616,0.7715634352535325,44.42530870437622,13.729613853995652,-37.321875735940395,1.4666666666666666,camelsbr_40060001
27,0.5450327396392822,0.6350727677345276,0.796914529754934,0.625822739845316,0.7495083808898926,1.110093593597412,0.0981239303946495,0.7447707473245458,-21.68411612510681,-20.936684376367104,61.36769632645049,1.2,camelsbr_40170000
28,0.5549706816673279,0.45041805505752563,0.6711319207559164,0.7546848705909266,1.027666687965393,1.1270177364349365,0.12912271916866302,0.7919601919704764,-1.4672660268843174,1.0460710229696202,29.447961477761048,1.2,camelsbr_40185000
29,0.49459320306777954,0.4999961256980896,0.7071040416360874,0.6000380035499531,0.7529501914978027,0.8658996224403381,-0.12613721191883087,0.7154774535090564,-27.476266026496887,-4.346415900941564,-25.123079164769358,1.4166666666666667,camelsbr_40500000
30,0.4866538643836975,1.402214765548706,1.1841514960294168,0.6860736758881434,0.8728593587875366,1.0415959358215332,0.03743024170398712,0.7160021611955525,-13.369032740592957,7.87961451633218,4.54757335435607,1.1176470588235294,camelsbr_40549998
31,0.44560009241104126,1.7841366529464722,1.3357157829966944,0.6763463306140121,0.930429220199585,1.1272492408752441,0.1055169552564621,0.7106572361339398,-7.310306280851364,-6.400337055914536,19.819519107603234,1.0,camelsbr_40579995
32,0.4409996271133423,1.7530517578125,1.3240286091367135,0.504564084062946,0.6528066992759705,0.8552013039588928,-0.1323520839214325,0.677592034283369,-39.804425835609436,16.043606369523825,6.632431222417959,1.5384615384615385,camelsbr_40680000
33,0.3999270796775818,1.2870216369628906,1.1344697602681575,0.5614399213220239,0.7540745735168457,0.925732433795929,-0.05943072959780693,0.6445566770507073,-25.298142433166504,-2.3195873512891256,38.60826424895411,0.9333333333333333,camelsbr_40811100
34,0.2982019782066345,1.0873847007751465,1.0427773975183516,0.5405759692954613,0.8863483667373657,1.2390720844268799,0.15244123339653015,0.6245026169287895,-16.33968949317932,10.374401318144159,47.68910455433909,0.7857142857142857,camelsbr_40822995
35,0.34228515625,1.6316819190979004,1.2773730540049373,0.4389743245545631,0.6284544467926025,0.9098460078239441,-0.06005873531103134,0.5894199614015102,-32.64158070087433,-1.2511614372885733,37.86672978458927,1.0833333333333333,camelsbr_40823500
36,0.3484612703323364,6.612110137939453,2.5714023679578917,0.5692798930318248,0.819822371006012,1.10978364944458,0.058148693293333054,0.6244958284234239,-20.571644604206085,-19.275322930055957,28.65200014993931,1.5,camelsbr_40975000
37,0.24058300256729126,3.5939743518829346,1.8957780333897043,0.5774329549484702,1.2093794345855713,1.2288787364959717,0.1467161774635315,0.7130545628238435,19.955304265022278,-9.523176334993408,15.62818886420329,0.7692307692307693,camelsbr_41050000
38,0.4498189687728882,1.1331781148910522,1.064508391179258,0.721773840955682,1.0082800388336182,1.0664418935775757,0.07444112747907639,0.7299505391390422,-1.0296275839209557,13.194462735245427,20.01069846389068,0.6666666666666666,camelsbr_41199998
39,0.185949444770813,3.9866459369659424,1.9966586931586336,0.5744798502707478,1.0019999742507935,1.1369712352752686,0.08185268938541412,0.5971324303995562,-1.0299380868673325,18.04228857329302,55.26766773673645,1.0,camelsbr_41300000
40,0.28171098232269287,3.70746111869812,1.925476854885075,0.4775342827688984,0.7620083689689636,0.8202773332595825,-0.0886852815747261,0.5710126198817624,-25.48503875732422,26.10190541683816,0.9018406761857942,1.1,camelsbr_41380000
41,0.5183925032615662,0.6046292185783386,0.7775790754504256,0.549438498393193,0.6901922821998596,0.7824094891548157,-0.22001825273036957,0.7557067043249427,-30.246588587760925,-12.307120073082343,13.84848458533714,1.1875,camelsbr_41440005
42,0.544819563627243,0.5145345330238342,0.7173106251993164,0.5880024908767174,0.7078635692596436,0.8463428020477295,-0.14417648315429688,0.75344834440724,-29.420310258865356,-19.69164070322183,-10.131427589733095,1.2,camelsbr_41539998
43,0.4461270570755005,0.24471703171730042,0.4946888231174224,0.4386024926265145,0.7224644422531128,1.3778573274612427,0.17502906918525696,0.6911877341245427,-29.414546489715576,-39.25691866111366,-1192.1780330275692,1.0,camelsbr_41685000
44,0.0005092024803161621,5.171013355255127,2.273986225827924,0.33746962103983213,1.3002153635025024,1.4905189275741577,0.23226840794086456,0.671049517018652,27.70342230796814,-1.779216771531035,-49.734244654896756,1.1666666666666667,camelsbr_41890000
45,-0.012926459312438965,6.367011547088623,2.523293789293792,0.05626381808237979,0.4683072865009308,0.9901253581047058,-0.0020441787783056498,0.2203569208157595,-41.518715023994446,-33.968748543744496,0.28020710650326497,1.6153846153846154,camelsbr_42100000
46,-0.6843153238296509,1.0427346229553223,1.0211437817248472,0.1878568505806829,1.7094424962997437,1.1957749128341675,0.08294319361448288,0.6565760301063863,90.57528972625732,80.18580049564673,-493.65992386792874,1.3,camelsbr_42187000
47,0.5194325149059296,1.5023410320281982,1.225700221109631,0.482223936101691,0.5707857012748718,0.8477475047111511,-0.12296787649393082,0.7536540729091685,-44.803741574287415,-6.772016299376336,49.391835692417715,1.3571428571428572,camelsbr_42250000
48,0.27699512243270874,1.724672794342041,1.313267982683672,0.5484762282384816,1.0208672285079956,1.3062680959701538,0.21567906439304352,0.6688835119916867,0.5706642754375935,-0.49969255502275145,-8.66939626448641,0.7,camelsbr_42255000
49,0.20381075143814087,3.7106058597564697,1.9262932953619678,0.43249822881220523,0.7258272767066956,0.9836588501930237,-0.010666171088814735,0.503390953640388,-16.091932356357574,-11.348191022320849,19.057587834170253,1.4,camelsbr_42440000
50,0.19907087087631226,3.784276008605957,1.9453215694599073,0.30801484556199155,0.6250096559524536,1.2728923559188843,0.13541559875011444,0.48642872168048745,-37.045666575431824,-9.79095438426262,-7.273750259540618,1.105263157894737,camelsbr_42546000
51,-0.5190041065216064,4.193472385406494,2.04779695902853,0.2693912536069085,1.5903749465942383,1.242336630821228,0.19769220054149628,0.6443041747473683,39.1095370054245,68.31518746817915,-24.897787220957156,1.6875,camelsbr_42840000
52,-1.0547378063201904,0.264334499835968,0.5141347098144299,-0.035597003317637155,1.9771432876586914,1.207840085029602,0.14473089575767517,0.7271362103192845,77.80221700668335,3.375512324897191,-20.87405758098022,1.8181818181818181,camelsbr_44540000
53,-2.6830692291259766,0.4903232157230377,0.700230830314574,-0.2898205920070742,1.8718910217285156,1.5991294384002686,0.4004521071910858,0.26210629367309035,107.86657333374023,-25.069846845078136,90.97363696091337,1.5333333333333334,camelsbr_50040000
54,0.05506211519241333,15.599014282226562,3.949558745255799,0.013023473097985794,0.43517473340034485,1.3830217123031616,0.07306614518165588,0.28698565879041055,-16.183584928512573,-17.71230258399126,69.29765039674221,2.0,camelsbr_50047000
55,0.2455623745918274,0.27004000544548035,0.5196537361026863,0.42928662256334693,0.6916738748550415,0.935929000377655,-0.030759187415242195,0.524033964714245,-29.03168499469757,-43.18594793741481,90.21329207649528,1.4761904761904763,camelsbr_50330000
56,0.005238890647888184,0.17407472431659698,0.4172226315968454,0.007388151418479261,0.5439122319221497,1.5224512815475464,0.11929471790790558,0.289854319055931,-36.836233735084534,-47.908986871873125,-301.53214826708955,1.7,camelsbr_50420000
57,0.0851094126701355,0.1673593372106552,0.409095755551992,-0.3394818094551022,0.9400740265846252,2.258810520172119,0.24066220223903656,0.5461096279107329,-2.3114584386348724,-40.50069537359113,-129.31521407470723,1.0,camelsbr_50720000
58,-2.912440538406372,0.24439913034439087,0.4943674042090466,-1.1853581942371063,2.2835493087768555,2.717413902282715,0.5778043866157532,0.5771748620247608,148.33766222000122,-54.76672581663321,-717.740299511515,1.3846153846153846,camelsbr_50730000
59,-0.709021806716919,0.47503626346588135,0.689228745385653,0.23781076799430567,1.4088202714920044,1.3530927896499634,0.1638159304857254,0.46229757960388457,38.89680206775665,-45.463169624305884,78.52927447182849,0.7333333333333333,camelsbr_50740000
60,0.009530842304229736,1.0976200103759766,1.0476736182494892,0.3802911626805665,0.8108347058296204,0.95387202501297,-0.024798696860671043,0.41167377718069226,-15.803427994251251,-20.337882353488794,90.29925643603653,0.5,camelsbr_51060100
61,-0.32211732864379883,1.0277936458587646,1.0138015811088306,0.4190688972593566,1.190758228302002,1.1043705940246582,0.052941709756851196,0.4612987622350574,19.146957993507385,21.737372905662973,38.88961797287567,1.1428571428571428,camelsbr_51560000
62,0.509018212556839,0.5034115314483643,0.7095149973385794,0.6094780238446738,0.7411423325538635,0.9102248549461365,-0.10715508460998535,0.7217185863282198,-23.42180907726288,-8.213524795322137,21.797970475635804,1.1818181818181819,camelsbr_51750000
63,0.4457492232322693,0.5063459873199463,0.7115799233536219,0.6354572545454596,0.8218293190002441,1.0152685642242432,0.01915365271270275,0.6823311588428176,-2.9787344858050346,-25.459857011472714,55.73030682275791,1.6,camelsbr_51795000
64,-0.008440136909484863,0.38193708658218384,0.618010587758967,0.34947684116848066,1.2516083717346191,1.5543873310089111,0.6094424724578857,0.7708094795459293,23.53108525276184,-16.77668707364198,8.818615796830413,0.9090909090909091,camelsbr_51820000
65,0.12788325548171997,0.0703275129199028,0.26519335006727224,0.487782618471725,1.1928346157073975,1.3644040822982788,0.33133915066719055,0.6960409209630152,22.859226167201996,-30.262680865326224,90.55369685549063,1.6111111111111112,camelsbr_51840000
66,0.578104168176651,0.2344411164522171,0.4841911982391017,0.7470202797489254,0.9184976816177368,1.1053013801574707,0.14183300733566284,0.7849006501786674,-12.323081493377686,-16.567169913402488,31.609298764213,1.0,camelsbr_51870000
67,0.4433354139328003,0.7771530151367188,0.8815628254053812,0.6169273550843761,0.8167462944984436,1.174832820892334,0.23156900703907013,0.7126044268931243,-10.059276968240738,-34.95614005133722,46.93773743411924,1.3157894736842106,camelsbr_51940000
68,0.24009066820144653,3.4728782176971436,1.8635659949937764,0.6063574107989638,1.2419642210006714,1.1328866481781006,0.06570232659578323,0.7193775801465183,34.509581327438354,-29.670257349664663,89.69858403296618,1.3333333333333333,camelsbr_53050000
69,0.18873310089111328,4.3591814041137695,2.087865274416376,0.5822886429037574,1.1378707885742188,1.191051959991455,0.08542490750551224,0.6550745412577795,19.949226081371307,-25.862894958208322,75.0860789569708,1.25,camelsbr_53091000
70,0.32770460844039917,9.341760635375977,3.056429393160584,0.17061866725022123,0.3294730484485626,0.6407990455627441,-0.06997083872556686,0.6694827134803688,-66.95210337638855,-46.2296609961475,90.5716515388292,1.7777777777777777,camelsbr_53125000
71,0.1662123203277588,5.21871280670166,2.284450219790674,0.36317186349399044,0.8724011778831482,1.416714072227478,0.08551464229822159,0.5356531489848337,-6.377921998500824,-53.74717440523147,73.57737916747861,0.7692307692307693,camelsbr_53160000
72,-2.093052864074707,1.3819515705108643,1.175564362555647,-0.09864789080689595,1.812822699546814,1.345274806022644,0.25063979625701904,0.3464468228201347,83.6379885673523,-0.3368437264602468,9.830916231333262,1.3157894736842106,camelsbr_54300000
73,0.2411155104637146,0.14506657421588898,0.380876061489678,0.5969422764949222,1.1081182956695557,1.2041733264923096,0.1234310045838356,0.6697285731891555,8.493310958147049,15.271633830936365,-7.912144008343206,0.8333333333333334,camelsbr_54485000
74,0.3191814422607422,0.13951295614242554,0.37351433191033717,0.5420797484359752,1.077620267868042,1.3453737497329712,0.22073325514793396,0.7095124377809952,7.623425126075745,-10.777768061625432,-41.48657656242526,1.0714285714285714,camelsbr_54590000
75,-0.5410797595977783,0.30485156178474426,0.5521336448585109,0.10100731207870162,1.786407470703125,1.3701534271240234,0.31962165236473083,0.7703533511095471,85.17690300941467,20.389804452221792,-408.7819220092426,1.3529411764705883,camelsbr_54730005
76,0.2739728093147278,0.27802178263664246,0.5272777092165404,0.5990373014467293,1.0251615047454834,1.2383148670196533,0.25743621587753296,0.6785283706647366,3.5235896706581116,-21.076673767738217,3.353146864266374,1.3157894736842106,camelsbr_55330000
77,0.3195716142654419,0.7639611959457397,0.8740487377404876,0.6634237043922817,1.011181116104126,0.9996640086174011,-0.00043336310773156583,0.6636096426508765,17.211824655532837,-12.980472834172083,-5.374733620254928,0.8095238095238095,camelsbr_55360000
78,0.048468828201293945,1.4515423774719238,1.2047997250464177,0.4737362692347411,0.9497920274734497,1.2123947143554688,0.19836153090000153,0.5211251111954179,-1.2459284625947475,-23.677840103690322,8.542399993327527,1.3125,camelsbr_55370000
79,0.06258410215377808,1.035404920578003,1.017548485615306,0.54196003987779,1.0416600704193115,1.1207542419433594,0.13890805840492249,0.5601324555572458,25.455689430236816,-27.10017739453674,-40.22110567464619,0.9375,camelsbr_55380000
80,0.5625546276569366,0.3170473575592041,0.5630695850063331,0.6905973630580061,0.845573365688324,1.116212248802185,0.07066656649112701,0.7583864250705971,-17.510494589805603,-4.953356440828288,11.713032542627113,1.6923076923076923,camelsbr_55610000
81,0.011703908443450928,0.7131621241569519,0.8444892682307762,0.3308714938319339,1.4874441623687744,1.4043912887573242,0.32941198348999023,0.784132374088883,48.38100969791412,-1.4966177823300932,29.635987386027164,2.0625,camelsbr_55660000
82,0.5142747759819031,1.4248791933059692,1.1936830372029124,0.5521668812054912,0.668296754360199,0.8834869861602783,-0.07016933709383011,0.72259744642988,-37.052756547927856,-11.597720569509349,-0.602379315876875,0.8,camelsbr_55790000
83,0.5044878721237183,0.4967747926712036,0.7048225256553622,0.5235637715007302,0.6389470100402832,0.8572781682014465,-0.11069514602422714,0.7238429848875417,-32.366058230400085,-27.2950913653694,59.73144021333563,1.0,camelsbr_55900000
84,0.621419221162796,0.5511727929115295,0.7424101244672849,0.7339619196990432,0.8373887538909912,0.9862295985221863,-0.016086390241980553,0.78989474339695,-14.500467479228973,-1.3546962921701815,-6.504765111931256,1.4666666666666666,camelsbr_56028000
85,0.5836718678474426,0.6058620810508728,0.7783714287220933,0.7546102819376976,0.9030311703681946,1.009247899055481,0.012226496823132038,0.7747720350986721,-14.11186158657074,8.977980282605715,49.02615087860658,1.6,camelsbr_56055000
86,0.538585901260376,0.6464734077453613,0.8040357005415626,0.652461133259499,0.7770232558250427,0.9545466899871826,-0.05903260037302971,0.737324093108473,-28.625619411468506,24.874491467567342,17.115668449847682,1.0555555555555556,camelsbr_56065000
87,0.4332031011581421,0.6318423748016357,0.7948851330863068,0.6210794305360219,0.8103146553039551,1.0221012830734253,0.020439883694052696,0.672720606733396,-21.657168865203857,23.835655116467834,-55.99413512466008,0.8,camelsbr_56085000
88,0.2887282967567444,0.30763906240463257,0.5546521994949921,0.6556029754207859,1.1780513525009155,1.0911723375320435,0.13799424469470978,0.7196526595800244,10.982627421617508,28.14181493430364,-31.875773451153655,1.105263157894737,camelsbr_56090000
89,0.41616368293762207,2.037503480911255,1.4274114616715303,0.44969845895173965,0.5804561972618103,0.9066068530082703,-0.09421548247337341,0.6563541012043789,-39.31250870227814,6.887549066793544,38.049404181229306,1.4,camelsbr_56240000
90,0.4456746578216553,1.5727683305740356,1.2541006062409967,0.49176913094374675,0.6177041530609131,0.9102309942245483,-0.09795719385147095,0.6773701388946032,-35.594016313552856,3.0305480556786204,18.604653199243902,1.4375,camelsbr_56335001
91,0.4738732576370239,0.7682048678398132,0.8764729703988671,0.7247145452640451,1.06338369846344,1.1220225095748901,0.1220947727560997,0.7615149993913181,15.647095441818237,-14.986790099103924,-14.392984765031338,0.8461538461538461,camelsbr_56460000
92,0.5501950681209564,0.6189746856689453,0.7867494427509595,0.7030577934322004,0.847798764705658,1.0478812456130981,0.04478461295366287,0.7495666868510337,-6.821459531784058,-8.225895673821599,25.638030149261354,0.9166666666666666,camelsbr_56484998
93,0.40919214487075806,0.9094751477241516,0.9536640643980204,0.6642214234866093,0.9054726362228394,0.9676404595375061,-0.03659093752503395,0.6794306781930692,-3.580114245414734,3.0810726994586397,55.69586029619784,1.1875,camelsbr_56500000
94,0.4993591904640198,0.5523386597633362,0.7431949002538542,0.7066555365797011,0.9399121403694153,1.1306781768798828,0.1281736195087433,0.7443368672809701,1.4487792737782001,-7.558963578737392,15.80358294083355,0.8333333333333334,camelsbr_56510000
95,0.14724236726760864,0.7081359028816223,0.8415081121900265,0.5709679838143502,1.0758647918701172,1.1857764720916748,0.17619627714157104,0.6207901548166258,11.921244859695435,5.590367322820232,-6.144630599474821,1.0769230769230769,camelsbr_56570000
96,0.4792366623878479,2.417562246322632,1.5548511974856731,0.6185067449153165,0.7732726335525513,0.947265088558197,-0.04388105496764183,0.697756994962436,-23.083993792533875,-11.871237772888584,33.47224812306602,0.8181818181818182,camelsbr_56610000
97,0.5139172375202179,3.344872236251831,1.8288991870116382,0.5841864742011955,0.6963796019554138,1.030004858970642,0.020512143149971962,0.7174840702426993,-27.870193123817444,-20.22209479135853,34.1743876930407,1.0,camelsbr_56640000
98,0.31412023305892944,5.412013530731201,2.3263734718937976,0.634255927059251,0.9479236602783203,0.9619770646095276,-0.02517399564385414,0.639984669608679,-4.458652809262276,-6.153222986235355,32.70292342815237,1.0714285714285714,camelsbr_56750000
99,0.11337900161743164,10.134675025939941,3.1835004359886527,0.25761496197449474,0.5830767154693604,0.9287498593330383,-0.03625379502773285,0.38989022548786156,-33.60894024372101,-5.9105837111246915,-16.542983069037906,1.6666666666666667,camelsbr_56787000
100,0.06732839345932007,0.6277232766151428,0.7922898943033054,0.39700051647481416,1.4382625818252563,1.3554115295410156,0.3590616285800934,0.7873572687044837,48.23394417762756,-9.08121957312037,-77.48385793237638,1.2222222222222223,camelsbr_56800000
101,0.6047169864177704,0.2877075672149658,0.5363837872409697,0.804731569443763,1.0206310749053955,1.0190366506576538,0.02009465917944908,0.806759930004457,4.970815405249596,-23.17102072477998,-10.152111052142951,1.6428571428571428,camelsbr_56845000
102,0.24441516399383545,0.4339652359485626,0.658760378247328,0.622143236491167,1.2602343559265137,0.967708945274353,-0.04658139869570732,0.7279501856100835,31.714320182800293,-4.605525098660703,-8.378302576566293,0.8181818181818182,camelsbr_56846000
103,0.5137322545051575,0.5601866245269775,0.7484561607248467,0.7167770320988862,0.9011885523796082,1.0266096591949463,0.022682026028633118,0.7359101035567496,-8.570747077465057,-15.893209331474893,-45.210184710467594,1.1875,camelsbr_56870000
104,0.4951009750366211,0.25837522745132446,0.5083062339292372,0.6400725564295933,0.7892329096794128,0.9949034452438354,-0.0032132926862686872,0.7082826309549958,-18.548700213432312,0.709312033926521,18.930449839189105,1.1818181818181819,camelsbr_56915500
105,0.3835793137550354,1.0340651273727417,1.0168899288382895,0.6709257684005159,0.9635087847709656,1.0868605375289917,0.08661599457263947,0.6847009544352,6.209983676671982,-15.181765640863997,48.40005019198305,1.7692307692307692,camelsbr_56960005
106,0.6487399339675903,0.713992178440094,0.8449805787354489,0.7859125204369963,0.9004681706428528,0.9991049766540527,-0.0009559561149217188,0.8104582822076642,2.6763640344142914,-15.444412191767748,0.5368092999560597,0.631578947368421,camelsbr_56983000
107,0.4843984842300415,0.8434051275253296,0.9183709095596014,0.6869237514814271,0.8908599615097046,1.0916814804077148,0.0839139074087143,0.7212533488361702,-3.9447464048862457,-18.321529514159202,14.243471161065917,0.25,camelsbr_56988500
108,0.5107511281967163,0.6163581013679504,0.7850847733639663,0.6592463147364946,0.8287912607192993,1.112216591835022,0.09160630404949188,0.7275884030891762,-9.896436333656311,-25.22504003257522,-19.232567628707816,0.5454545454545454,camelsbr_56989001
109,0.25416576862335205,1.5253398418426514,1.2350464937979668,0.4878421220326685,0.7632961273193359,0.9381388425827026,-0.05406983196735382,0.5500553747126561,-26.841971278190613,31.864177166879664,-69.78418095413555,0.9230769230769231,camelsbr_56990990
110,0.31734782457351685,0.7895179390907288,0.8885482199018401,0.599340759460183,0.8773417472839355,1.0347837209701538,0.03348127007484436,0.6201673094294601,-11.87768206000328,-3.729086372356187,-22.842482400468718,0.9333333333333333,camelsbr_56991500
111,0.4277390241622925,0.7265732288360596,0.8523926494498059,0.5981530181224444,0.7892590761184692,0.9201527237892151,-0.051631778478622437,0.6672934140607103,-20.92118412256241,-8.916501396707725,40.51678484600088,0.5714285714285714,camelsbr_56993551
112,0.44323939085006714,0.8335461616516113,0.9129874926041491,0.5887867670682585,0.7822161912918091,1.138349175453186,0.09167533367872238,0.6798031211049173,-16.94718450307846,-48.158392301169386,45.27513131403877,0.7333333333333333,camelsbr_56995500
113,0.37251055240631104,1.0176301002502441,1.0087765363301449,0.4832833784874764,0.6586825251579285,1.0082076787948608,0.006775337737053633,0.6121455397658178,-28.73486578464508,-34.034183276902546,53.87958718724056,0.9333333333333333,camelsbr_57130000
114,0.5069710910320282,0.22631432116031647,0.47572504785886194,0.6846387740608899,0.8551664352416992,1.0922988653182983,0.14028561115264893,0.7355064068712134,-20.03120929002762,-2.394355790884931,27.49997731704782,1.105263157894737,camelsbr_57170000
115,0.37933140993118286,1.268505334854126,1.1262794213045562,0.41923352699548544,0.5338636040687561,0.7902707457542419,-0.3301428556442261,0.7242823972470158,-46.302205324172974,-19.29522315881642,64.26573227978584,0.8260869565217391,camelsbr_57250000
116,0.39652591943740845,3.0596752166748047,1.7491927328555892,0.4441581786430998,0.5974668264389038,0.8462614417076111,-0.14786885678768158,0.6488709208191861,-40.12884497642517,-15.956577763969923,22.86864875111042,0.5454545454545454,camelsbr_57300000
117,0.27188384532928467,7.422163963317871,2.7243648733820276,0.3028845949609936,0.495834082365036,0.8992344737052917,-0.08412033319473267,0.5292209391354123,-47.23846912384033,-23.484750088673813,67.05730682137599,0.5714285714285714,camelsbr_57320000
118,0.21551746129989624,4.971078395843506,2.229591531165183,0.45400580917557665,0.7867291569709778,0.7543031573295593,-0.22153909504413605,0.5615273492799309,-19.590985774993896,19.812783944476102,13.749110754200691,1.1111111111111112,camelsbr_57350000
119,0.38533467054367065,1.357572317123413,1.165149053607912,0.6058468622832258,0.8355963230133057,0.9055113792419434,-0.10083450376987457,0.6544569093260969,-16.9955775141716,15.581678395097304,-27.760844162678882,1.0,camelsbr_57360000
120,0.37814903259277344,1.459194540977478,1.2079712500624664,0.5989304819840113,0.8230758905410767,0.9612846970558167,-0.03841165080666542,0.6421512287408486,-17.901815474033356,11.308562959147492,-32.33295699378001,0.75,camelsbr_57370000
121,0.3892192840576172,1.2633569240570068,1.1239915142282022,0.6734660900196854,0.9509741067886353,0.9436129927635193,-0.06168331950902939,0.6821299611841765,-1.9079992547631264,7.128328704466817,-58.61511224102814,0.7222222222222222,camelsbr_57400000
122,0.363339364528656,13.137654304504395,3.6245902257364757,0.6650778849389753,0.9596603512763977,1.0357720851898193,0.024380015209317207,0.6694460803152095,-0.1485853921622038,-1.6203237048128,-25.085582946550993,0.4444444444444444,camelsbr_57420000
123,0.4771527647972107,2.2308526039123535,1.4936038979302222,0.5467675855240854,0.6757906079292297,0.9203661680221558,-0.05850430205464363,0.6934606967625632,-33.88426899909973,-3.612956802190037,10.89457903810188,0.9473684210526315,camelsbr_57476500
124,0.5378777384757996,0.74202960729599,0.8614114042059056,0.710647231198987,0.8674497604370117,0.9738407135009766,-0.0252627395093441,0.7441266904609453,-14.208762347698212,-9.740347642508063,-7.464271350911752,0.5238095238095238,camelsbr_57490000
125,0.45342445373535156,0.8801655769348145,0.9381714006165475,0.6549656176295511,0.8556762337684631,0.9199087023735046,-0.08496122807264328,0.6970069975015826,-13.459885120391846,2.4560857898942587,10.64316566188665,0.85,camelsbr_57550000
126,0.30276256799697876,0.9518045783042908,0.9756047244167542,0.45329937886666183,0.6739819645881653,1.0262795686721802,0.02122202143073082,0.5619324321475172,-35.44583320617676,-16.02037425349428,93.55540952903418,1.3125,camelsbr_57650000
127,-0.11220979690551758,1.3584678173065186,1.165533275932746,0.46979426640004796,1.3513610363006592,1.186802625656128,0.20437011122703552,0.6496168937292115,38.06588053703308,-3.971467105419941,-73.40316599859537,0.8235294117647058,camelsbr_57700000
128,-0.5631910562515259,6.823182106018066,2.612122146075498,0.34279319861684576,1.3971349000930786,1.1749439239501953,0.16230005025863647,0.5064422279152667,40.79024791717529,-5.357986942870084,-15.60336262046826,1.263157894736842,camelsbr_57720000
129,0.19581836462020874,3.2773215770721436,1.8103374207788292,0.573360316865485,0.9883967638015747,1.1646934747695923,0.16241414844989777,0.6066009106477741,-3.8278065621852875,11.810690742549065,72.53229914463228,0.65,camelsbr_57740000
130,0.2403687834739685,1.2730273008346558,1.1282851150461286,0.40330152148058707,0.7009344100952148,1.2647007703781128,0.22067891061306,0.5566690295461879,-33.37441086769104,-27.067907447101746,73.49251710548972,1.0,camelsbr_57770000
131,0.34891510009765625,1.596476674079895,1.2635175796481404,0.5230021255385114,0.7333586812019348,1.0125699043273926,0.013294482603669167,0.6046882535825595,-31.388041377067566,3.1097106910226624,70.20447434923376,0.8095238095238095,camelsbr_57880000
132,0.503812313079834,0.3733193874359131,0.6109986803880292,0.6258290620327074,0.761358916759491,1.066588044166565,0.11080759763717651,0.7196067822089993,-14.197355508804321,-26.608091572412324,22.389846821959953,0.95,camelsbr_58030000
133,0.4696310758590698,0.45751953125,0.6764019006847926,0.5798134290660457,0.7207968235015869,0.9592843651771545,-0.05967432260513306,0.6886407577935038,-19.94219571352005,-15.257313348881093,69.95333413085115,0.9,camelsbr_58040000
134,0.22056472301483154,2.334707498550415,1.5279749665980837,0.5613213341675463,0.8999178409576416,1.0818320512771606,0.12220167368650436,0.5808030908013111,-9.623441845178604,4.481636399932222,-11.347060945531886,0.4166666666666667,camelsbr_58060000
135,0.33368349075317383,0.8885595202445984,0.9426343512967255,0.5490134489234019,0.7826273441314697,0.9694513082504272,-0.04916590079665184,0.6060396274179138,-24.04053956270218,3.4748061245056117,23.878981626747503,1.1428571428571428,camelsbr_58142200
136,0.2376641035079956,0.9752658605575562,0.9875554974570068,0.30913804727038663,0.526661217212677,0.8275895118713379,-0.2007557451725006,0.5272259968843185,-43.302541971206665,-27.466466359929452,8.74413640066163,1.3636363636363635,camelsbr_58220000
137,0.16019457578659058,11.176219940185547,3.3430853922963957,0.2538007788096489,0.5373734831809998,1.1016000509262085,0.07799463719129562,0.4234001272174979,-42.071014642715454,14.244141805095401,25.870221361443463,1.1538461538461537,camelsbr_58258000
138,0.22538036108016968,1.2024675607681274,1.0965708188567336,0.34713662688871294,0.5772584676742554,0.8318033814430237,-0.23524707555770874,0.5317798826373134,-39.14405405521393,-18.32071491769122,63.07050796091834,1.2941176470588236,camelsbr_58270000
139,0.2908533811569214,3.427845001220703,1.851444031349774,0.5839240657364373,0.9228860139846802,1.1859567165374756,0.176334947347641,0.6358671728493481,-4.42751869559288,-27.074072147511863,53.75646512591009,0.4583333333333333,camelsbr_58405000
140,0.39631491899490356,1.9905364513397217,1.4108637252901932,0.6172676395628124,0.8631163239479065,1.1471046209335327,0.1504768580198288,0.6742590761720467,-13.798077404499054,1.763995195708683,39.7516684187002,0.8181818181818182,camelsbr_58420000
141,0.3966192603111267,1.5834014415740967,1.2583328023913614,0.5848128174322926,0.786358118057251,1.0453561544418335,0.04909328371286392,0.6468989350020028,-14.538730680942535,-18.064042140382963,42.99049083423167,1.0476190476190477,camelsbr_58425000
142,0.1471903920173645,0.9728946685791016,0.9863542307807583,0.4619239867030869,0.8142976760864258,1.102837085723877,0.11441769450902939,0.5055660036178563,-15.559954941272736,16.227010614079326,51.455150893559335,1.5555555555555556,camelsbr_58434000
143,-0.3998754024505615,0.9267902374267578,0.9626994533221455,-0.15434183129604473,0.5562484264373779,1.0766379833221436,0.14320676028728485,-0.0628810958676976,-41.641026735305786,-43.50508876345646,77.45841506393002,1.1666666666666667,camelsbr_58470000
144,0.3956410884857178,0.7561553120613098,0.8695719131051266,0.3776101511436254,0.4849875867366791,0.9875913858413696,-0.018836667761206627,0.6507474202832376,-44.712477922439575,-34.43014050436462,17.529723302889693,0.65,camelsbr_58480500
145,0.2574892044067383,0.8799972534179688,0.9380816880304021,0.45306821717397294,0.709612250328064,0.9701314568519592,-0.042164284735918045,0.5374881622748029,-33.36974084377289,15.272843084774482,52.27619645848112,0.7777777777777778,camelsbr_58500000
146,0.5389370024204254,3.606569290161133,1.8990969670243625,0.6733618733489408,0.807849645614624,1.0425087213516235,0.05413663387298584,0.7393014850430907,-25.455954670906067,-5.534516779250473,-47.94979529659567,0.7222222222222222,camelsbr_58530000
147,0.5062806010246277,3.9652092456817627,1.9912833162766574,0.6417765569606275,0.783454954624176,1.0162590742111206,0.020377540960907936,0.7151001562444055,-26.207369565963745,-11.613417188210537,5.7276300951028665,0.9473684210526315,camelsbr_58535000
148,0.409279465675354,3.247225046157837,1.8020058396569743,0.606927105499713,0.8082066178321838,1.0294010639190674,0.03708117827773094,0.6581562105465558,-14.740167558193207,-18.044092400327507,11.56208471557033,1.411764705882353,camelsbr_58542000
149,0.5218373239040375,1.6059305667877197,1.2672531581289193,0.5347167310623611,0.6268846988677979,0.8655709028244019,-0.18408258259296417,0.7566847513063044,-35.800015926361084,-17.190190913503358,14.403653438226884,0.5882352941176471,camelsbr_58550001
150,0.36005669832229614,1.7909101247787476,1.3382489024014732,0.3845314907283236,0.5282405614852905,0.980332612991333,-0.01732209138572216,0.605211813796769,-44.995707273483276,-21.585458371945883,47.83031909413258,1.0,camelsbr_58560000
151,0.30232465267181396,1.2639886140823364,1.1242724821333734,0.4332720202259913,0.6465724110603333,0.9781534671783447,-0.02383548952639103,0.557515795266435,-39.30075764656067,2.044672235223849,46.04037133376299,0.9444444444444444,camelsbr_58573000
152,0.48376524448394775,0.5874137878417969,0.7664292451634377,0.7093464825578395,0.915902316570282,1.0184757709503174,0.025305381044745445,0.7223929166410795,-11.209861189126968,-8.596702276009438,53.848437816350334,1.5263157894736843,camelsbr_58610000
153,0.31693774461746216,1.8160845041275024,1.3476217956561487,0.49565986363622405,0.7245270013809204,0.8987350463867188,-0.113377645611763,0.5898548923259662,-24.151991307735443,-31.25101685392067,58.79716549988603,0.85,camelsbr_58645000
154,0.41801804304122925,1.1570392847061157,1.0756576057027234,0.5361810835552959,0.703417956829071,0.9071395397186279,-0.09820601344108582,0.6556977870578983,-30.061429738998413,-9.2765623888982,58.30789154967027,1.3076923076923077,camelsbr_58648001
155,0.15109944343566895,7.334983825683594,2.7083175267467428,0.0346302241720321,0.2601979672908783,0.6707887649536133,-0.16755641996860504,0.4744034634809459,-66.8669581413269,-21.305729109874648,-31.58169476718249,1.0,camelsbr_58658000
156,0.2554696798324585,0.2777974307537079,0.5270649208149863,0.5407625918490224,0.8516806960105896,1.1780247688293457,0.2171611189842224,0.6035059107722003,-13.585980236530304,-15.009977368556632,15.421031700833115,0.631578947368421,camelsbr_58670002
157,0.47574567794799805,0.9075141549110413,0.9526353735354578,0.6574933822806519,0.845467746257782,1.1113587617874146,0.13797427713871002,0.7153426763491368,-20.02563327550888,0.4734218346240266,48.9976047231285,0.7647058823529411,camelsbr_58710000
158,0.38201993703842163,3.3245229721069336,1.8233274451142707,0.4753961652137806,0.6406866908073425,1.0326679944992065,0.029683781787753105,0.6191641673308188,-36.69098913669586,21.9217309292756,-15.823165140793192,1.3888888888888888,camelsbr_58720000
159,0.6074477434158325,0.6057645082473755,0.7783087486642917,0.7349466974478722,0.8603025674819946,1.0786769390106201,0.09939736872911453,0.788936455517334,-16.987596452236176,-1.630172920648406,6.983701981745765,1.0555555555555556,camelsbr_58730001
160,0.22304224967956543,0.6728875637054443,0.820297241069019,0.12037779105229007,0.8258962631225586,1.8172370195388794,0.5409600138664246,0.725142267391713,-12.77516484260559,-41.652141543547955,80.37685273168607,1.2105263157894737,camelsbr_58736000
161,0.4357372522354126,0.5910474061965942,0.7687960758202361,0.6000570741284703,0.7745696306228638,1.0385767221450806,0.07194868475198746,0.6719034760536025,-17.88931041955948,-16.270690987591983,44.06730719684026,1.3,camelsbr_58750000
162,0.5277672111988068,0.7652292251586914,0.8747738137134029,0.5475682982830208,0.6360545754432678,0.940467357635498,-0.07976487278938293,0.7379045266399248,-34.886157512664795,15.13732211241304,73.05222358080795,1.4210526315789473,camelsbr_58755000
163,0.60396409034729,0.6443927884101868,0.8027407977735944,0.640733373324583,0.7313860058784485,1.106781244277954,0.10865028947591782,0.7866533406044229,-27.46627926826477,-31.19224030846513,91.87611082289679,1.0526315789473684,camelsbr_58765001
164,0.5093686580657959,4.561272621154785,2.1357136093481226,0.6046318941168606,0.7273955941200256,1.0127828121185303,0.011728900484740734,0.7139241765566515,-29.87530529499054,-1.4945322462492157,19.09409859820432,0.75,camelsbr_58825000
165,0.5402893126010895,1.7747703790664673,1.3322050814594828,0.6126074255248167,0.7178792357444763,1.0267008543014526,0.029711207374930382,0.7358637747033507,-29.541316628456116,-12.666767707722121,-1.9989640210371362,0.6842105263157895,camelsbr_58827000
166,0.48823124170303345,0.9558582305908203,0.9776800246454973,0.5358260706875937,0.6449896097183228,0.9953182339668274,-0.005288826301693916,0.7009964205696183,-36.85201704502106,-6.787121762268552,42.42946892064991,0.5555555555555556,camelsbr_58846000
167,0.5110356211662292,0.7663452625274658,0.8754114818343804,0.5424822041789029,0.6395615935325623,0.9645896553993225,-0.03819785267114639,0.7204417840029192,-32.56985545158386,-26.140862331465918,37.530561536402764,1.1578947368421053,camelsbr_58850000
168,0.4047554135322571,0.29662656784057617,0.5446343432437732,0.6832480945096144,0.9678642749786377,1.0856127738952637,0.08469747751951218,0.6967352348935011,-5.80824539065361,9.428681588750461,-45.095952109907515,1.5,camelsbr_58870000
169,0.270080029964447,1.4789520502090454,1.2161217250789682,0.6207362311026399,0.988907516002655,1.12779700756073,0.15456967055797577,0.6430884030246122,-4.074243828654289,5.9180086018020335,61.210499092609794,1.105263157894737,camelsbr_58910000
170,0.36982452869415283,2.5285496711730957,1.5901413997418896,0.6829380480146641,0.995658814907074,1.0238680839538574,0.025225741788744926,0.6838675118291192,9.670497477054596,-6.669526135879704,5.5506245373891145,0.7222222222222222,camelsbr_58916000
171,0.35568541288375854,1.6983662843704224,1.303213829104964,0.6447227607652217,1.0078017711639404,1.1958645582199097,0.21683044731616974,0.7036925179508438,3.558100387454033,-13.61758394863597,49.867584321963,0.8947368421052632,camelsbr_58917000
172,0.24587565660476685,1.5433568954467773,1.242319160057824,0.52106013488456,0.8567317724227905,1.2053781747817993,0.18454653024673462,0.5917385461656005,-10.729072988033295,-23.679690022845463,65.7575417209822,0.7692307692307693,camelsbr_58930000
173,0.416315495967865,0.7824922800064087,0.8845859370385721,0.6015182685084641,0.831245481967926,1.171155333518982,0.16376279294490814,0.6821707144011727,-15.268674492835999,-28.798473058438294,81.82869528830352,1.0,camelsbr_58934000
174,0.2118610143661499,1.357853889465332,1.1652698783823994,0.38089462587558454,0.6633673310279846,0.8418101072311401,-0.13486947119235992,0.5050799374886015,-31.001847982406616,-11.766709475586868,-36.04162087655625,1.0,camelsbr_59100000
175,0.3400394916534424,5.663301944732666,2.3797693049395914,0.52069659465198,0.7431691288948059,1.0989118814468384,0.10365097224712372,0.6075893761196034,-24.073030054569244,-9.873636656885745,-21.386535758237724,0.7777777777777778,camelsbr_59125000
176,-0.07267153263092041,8.76321792602539,2.960273285699378,0.3962114945666345,0.8949066996574402,1.1942468881607056,0.23632018268108368,0.43805329082158684,-9.770490974187851,-15.930660456223277,-36.07635227582638,0.7272727272727273,camelsbr_59181000
177,0.26144540309906006,7.443293571472168,2.728240013538429,0.40160674956374043,0.6581689715385437,0.7545632719993591,-0.24839967489242554,0.5745745156940002,-32.56458044052124,-15.98722598566421,42.1039536974978,0.6666666666666666,camelsbr_59240000
178,0.30597591400146484,4.923907279968262,2.2189878954082336,0.3054427678830741,0.45775705575942993,0.9021832346916199,-0.11339444667100906,0.5771356972599265,-48.979005217552185,-27.04190001975991,29.964513870186483,0.3,camelsbr_59370000
179,0.5039145052433014,0.9178791642189026,0.9580601047005884,0.5578600766245201,0.6971189379692078,1.1718615293502808,0.15660734474658966,0.727576820305325,-33.6311936378479,-31.17574246603872,45.62027679500319,0.9411764705882353,camelsbr_60110000
180,0.26880335807800293,0.565978467464447,0.7523154042450859,0.6268627467105277,1.093835711479187,1.2274597883224487,0.3297245502471924,0.719485626500328,4.458292201161385,15.438352903877059,64.70115656990997,1.2777777777777777,camelsbr_60130000
181,0.5031568706035614,5.64279317855835,2.3754564147881876,0.5595600457567558,0.6803154349327087,0.9022712707519531,-0.0667380765080452,0.713227916925148,-27.401959896087646,26.618431751076237,-24.473289484673867,0.8,camelsbr_60220000
182,0.498649537563324,1.0437548160552979,1.0216431941021766,0.7240197470192966,0.9305554032325745,1.0186196565628052,0.025180382654070854,0.7335495235422052,-13.33325058221817,14.193107530234633,-29.247406797248427,1.2666666666666666,camelsbr_60250000
183,0.5729121565818787,0.9970399737358093,0.998518890024525,0.6875898659728485,0.8107078671455383,1.0777366161346436,0.09219799935817719,0.7639372990195049,-24.59096610546112,0.6799629464944998,-19.19784995142169,1.2857142857142858,camelsbr_60265000
184,0.5621578991413116,0.4916215240955353,0.7011572748645879,0.5878937883548101,0.6752588152885437,1.096555233001709,0.12454607337713242,0.7653688434825084,-30.989184975624084,-25.6354240791454,54.89515761815434,1.125,camelsbr_60381000
185,0.6087188124656677,0.6755563616752625,0.8219223574494506,0.7517245623647738,0.8759773969650269,0.9806179404258728,-0.024971237406134605,0.7857958388918237,-15.855644643306732,13.952481094745526,66.55417243920962,1.0625,camelsbr_60435000
186,0.5696652233600616,0.7858728766441345,0.8864947132634997,0.5886775570769347,0.7236054539680481,1.2077094316482544,0.17740492522716522,0.7771794466833262,-28.119778633117676,-26.444715755750902,48.804747635241824,0.7333333333333333,camelsbr_60435200
187,0.5066560804843903,0.7161917090415955,0.8462811052136255,0.49536884686855687,0.8717555403709412,1.4503830671310425,0.3860545754432678,0.8119546540675479,-7.197960466146469,-33.430855036979096,12.460068242919565,1.6428571428571428,camelsbr_60436000
188,0.3767913579940796,0.32334619760513306,0.5686353819497456,0.6798964127927286,1.1529191732406616,1.1426329612731934,0.20244435966014862,0.7576410279011824,12.01677992939949,31.3846591489342,21.225376604992636,0.9411764705882353,camelsbr_60471200
189,0.3654622435569763,0.4374336302280426,0.661387655031482,0.6875707311298234,1.016903281211853,1.012629747390747,0.01679900288581848,0.6882840770639522,12.627534568309784,19.521316503650148,30.371037730320698,1.1111111111111112,camelsbr_60473000
190,0.5807748436927795,0.3281671404838562,0.5728587439184779,0.7611324256480696,0.9291213154792786,0.9340566992759705,-0.09174498170614243,0.7816301045313084,-11.696723848581314,40.31756675016162,-26.558611587313518,1.05,camelsbr_60476100
191,0.4840220808982849,1.0376662015914917,1.0186590212585818,0.36971382271555897,0.6251707077026367,1.4471887350082397,0.2784368395805359,0.7617020726203815,-42.30953752994537,-44.01124515037427,46.755743457446336,1.3125,camelsbr_60477400
192,0.24717837572097778,0.6563894748687744,0.8101786684853992,0.6094014554107421,0.9414445161819458,0.78699791431427,-0.3779621720314026,0.6778686760906213,-11.241370439529419,48.53620459640647,-48.608003097398154,0.95,camelsbr_60477600
193,0.46507173776626587,0.9134319424629211,0.9557363352216558,0.6331914007612509,0.8168835639953613,1.111029863357544,0.12185463309288025,0.7021925306792031,-28.52696180343628,5.266681402336209,54.06070912752588,1.2777777777777777,camelsbr_60478500
194,0.28331929445266724,0.4926917254924774,0.7019200278468177,0.6505658865929532,1.0275719165802002,1.0132650136947632,0.02326793037354946,0.6519080172708066,-14.217877388000488,64.29608552252482,38.731195174120984,1.1904761904761905,camelsbr_60615000
195,0.5155072510242462,0.4160417318344116,0.6450129702838631,0.7274681190633234,0.9488494396209717,1.1132510900497437,0.1469213366508484,0.7574480738020432,-13.741078972816467,15.36605890056112,29.747868373173148,1.1176470588235294,camelsbr_60635000
196,0.5718841254711151,0.25186023116111755,0.501856783516092,0.7459330775410373,0.9825701117515564,1.168307900428772,0.2353178858757019,0.8104778357640618,-3.761851042509079,2.2923546816987233,44.83057410519129,1.263157894736842,camelsbr_60640000
197,0.4582903981208801,0.28152987360954285,0.5305938876481172,0.7005400694840531,0.9570982456207275,1.1515318155288696,0.228728786110878,0.7452966463936509,-11.018866300582886,12.411933212982339,41.7212690854752,1.2777777777777777,camelsbr_60642000
198,0.1858881115913391,0.3585681617259979,0.5988056126373549,0.5931070309621218,1.1625937223434448,1.2644965648651123,0.4197152554988861,0.7370043025418137,8.969464153051376,12.704775423627071,50.741788607135106,1.9375,camelsbr_60654000
199,0.18155694007873535,0.9482313990592957,0.9737717386838127,0.4589593133687664,0.8769656419754028,1.3825347423553467,0.4097219705581665,0.6377090365093265,-30.35137951374054,3.6267252138761017,36.26828843689107,1.0714285714285714,camelsbr_60665000
200,0.43799179792404175,1.358855962753296,1.1656997738497232,0.6400752747764444,0.8363173604011536,1.0306419134140015,0.0387873649597168,0.680915568440679,-15.663698315620422,12.542678222431197,27.6675055665414,0.75,camelsbr_60774000
201,0.4917335510253906,0.5426720976829529,0.7366628113885978,0.6134510236777471,0.752531886100769,0.9733812808990479,-0.04353878274559975,0.7042448859404736,-32.73031711578369,12.04877731796407,6.829822737182919,1.7142857142857142,camelsbr_60778000
202,0.441378116607666,0.2846115827560425,0.5334900024893086,0.6982188766416235,0.9688253998756409,1.1830719709396362,0.311015784740448,0.762124729787212,-13.996005058288574,-3.9733929620924426,34.72366183233391,0.8888888888888888,camelsbr_60810000
203,0.27556395530700684,1.1219329833984375,1.0592133795408918,0.5197081864297242,0.788100004196167,1.0322898626327515,0.04548809304833412,0.5701907600666102,-30.540192127227783,21.293098444128653,18.249698107199173,1.4210526315789473,camelsbr_60910000
204,0.28936058282852173,0.1340293288230896,0.36610016228224973,0.6888425624972823,1.1142393350601196,1.0716235637664795,0.2695680558681488,0.7195746260559354,-0.8333675563335419,16.85091383699531,-53.600408797340826,1.2222222222222223,camelsbr_60930000
205,-0.4635864496231079,0.010893831960856915,0.10437352135890077,0.29929363238112905,1.0392595529556274,1.0143696069717407,0.09059847146272659,0.3005419129648766,-6.181258335709572,20.644727359523085,-174.67253409989237,1.56,camelsbr_60960000
206,0.5836042165756226,1.1496332883834839,1.0722095356708425,0.6554592863762955,0.7532466053962708,1.0703089237213135,0.09533126652240753,0.7700484380548408,-23.02388995885849,-20.20930715687017,11.264489306670383,1.0,camelsbr_61009000
207,0.534688413143158,1.0856596231460571,1.041949913933514,0.7318341235295581,0.9503147006034851,1.1378209590911865,0.18958477675914764,0.7753899121539185,-2.1959085017442703,-9.871278045996604,-47.69141502263509,0.9473684210526315,camelsbr_61014000
208,0.6019243896007538,2.388756275177002,1.54556018167427,0.5562508409780755,0.6383469104766846,0.7983587980270386,-0.2521234154701233,0.8404343876713866,-31.548738479614258,-19.428230934797377,16.59550248055303,0.6666666666666666,camelsbr_61024000
209,0.3561503291130066,6.077081203460693,2.465173665983939,0.30064816657017934,0.40558919310569763,0.8491441011428833,-0.13353055715560913,0.663828500094182,-59.543377161026,-26.837177237532373,45.46689688507028,1.1764705882352942,camelsbr_61031000
210,0.5234588384628296,0.8615528345108032,0.9281987042173692,0.540137450304556,0.6278225779533386,0.9643128514289856,-0.04290086030960083,0.7322613988272023,-35.20589470863342,-17.58998359527838,43.0702881656582,1.0555555555555556,camelsbr_61045000
211,0.3378444314002991,0.8526655435562134,0.9233989081411205,0.5017005683822637,0.7121222615242004,0.996559739112854,-0.0045540714636445045,0.5932852401920401,-32.593005895614624,3.2576716188209134,29.31485461879188,0.85,camelsbr_61052000
212,0.5624450147151947,0.8521018624305725,0.9230936368703733,0.6795018520548318,0.8006795644760132,0.9408798217773438,-0.08502078056335449,0.7560835566311027,-21.545428037643433,3.781272509611716,33.76408520007172,1.3571428571428572,camelsbr_61060000
213,0.4878280758857727,1.2956424951553345,1.1382629288329364,0.541194659277509,0.6583007574081421,0.914841890335083,-0.0905933678150177,0.7059046674189988,-33.28810930252075,-14.573558474840956,-32.29878479641242,1.3333333333333333,camelsbr_61075000
214,0.5329679548740387,0.9227625131607056,0.9606052847869959,0.6209194517610362,0.7397342920303345,0.9219660758972168,-0.09063219279050827,0.7356620912594579,-22.06135243177414,-14.190732625526076,18.790685617158413,1.25,camelsbr_61078000
215,0.6864493787288666,1.0213747024536133,1.0106308438067846,0.7426046213184552,0.8358863592147827,1.1120444536209106,0.11451823264360428,0.836399467336967,-14.088910818099976,-15.405794857717966,40.17481083884589,0.9545454545454546,camelsbr_61085000
216,0.6210532784461975,0.8191318511962891,0.9050590318848208,0.7717480080480421,0.9102887511253357,1.0614739656448364,0.07448528707027435,0.7993216125157415,-12.451693415641785,1.8444989789517807,27.69916053865915,1.105263157894737,camelsbr_61090000
217,0.5631587505340576,0.5562857985496521,0.7458456935249087,0.6654049321727413,0.7782487273216248,0.9544553160667419,-0.06456709653139114,0.7536142978067348,-3.7138737738132477,-27.750824316021156,14.320066264040706,0.9565217391304348,camelsbr_61100000
218,0.6448858976364136,0.7373365163803101,0.8586830127470265,0.7176817320709414,0.804991602897644,0.9341510534286499,-0.07734924554824829,0.806766344283722,-23.21949154138565,-2.8313616837419913,0.903723142913612,1.0714285714285714,camelsbr_61105000
219,0.5941622853279114,2.5520341396331787,1.5975087291258157,0.580717343146923,0.6467044353485107,0.931932806968689,-0.05069658160209656,0.7847163555487815,-36.15541458129883,-14.631290620034818,41.25657333920237,1.4166666666666667,camelsbr_61115000
220,0.3185935616493225,3.254706859588623,1.8040806133841756,0.41500364948278057,0.6154732704162598,1.0940115451812744,0.05787419155240059,0.5692776373036481,-29.232648015022278,6.262082288462237,53.33368334108197,1.0,camelsbr_61122000
221,0.4626961350440979,0.7126556038856506,0.8441893175619143,0.6248771684842933,0.7916984558105469,1.0075739622116089,0.009040727280080318,0.6881182267123203,-26.20730698108673,7.6729610194016,-38.18105435308091,1.125,camelsbr_61173000
222,0.49082571268081665,0.7315186858177185,0.8552886564299321,0.5794463910411274,0.7054628729820251,0.967316746711731,-0.037364792078733444,0.7015958717262368,-28.892984986305237,-3.6226966450292037,-43.21218860979274,1.2105263157894737,camelsbr_61175000
223,0.1491357684135437,2.4133992195129395,1.5535118987355518,0.4538495008603507,0.7964633107185364,1.0488728284835815,0.07676795870065689,0.4955551264381375,-16.989409923553467,1.9973130364088425,-12.345140225023837,1.0476190476190477,camelsbr_61250000
224,-0.33997833728790283,1.1185541152954102,1.0576171875,0.36452594676296923,1.0699429512023926,1.347683072090149,0.45465531945228577,0.4726938865359547,20.535510778427124,30.049548834902428,41.03422950330688,1.1,camelsbr_61267000
225,0.41558700799942017,1.1715551614761353,1.0823840175631454,0.628199413072515,0.8374788761138916,0.905038058757782,-0.14475859701633453,0.6793681387542279,-11.24798208475113,-17.790287791956263,-7.860345702464197,1.1363636363636365,camelsbr_61271000
226,0.4548388123512268,1.7999253273010254,1.3416129573394204,0.5934373586030172,0.7527215480804443,0.9314800500869751,-0.09622339904308319,0.6846405779751044,-20.580358803272247,-11.177477586409415,20.898655035627858,1.0526315789473684,camelsbr_61280000
227,0.42425984144210815,0.9232921004295349,0.9608808981499918,0.7120356955836149,1.0309264659881592,1.1014643907546997,0.1509709656238556,0.7322837850852635,5.733145773410797,-8.590078098706174,23.63452133160471,1.0869565217391304,camelsbr_61285000
228,0.4386146664619446,1.8797894716262817,1.3710541461321948,0.6064371868428866,0.7857425212860107,1.0447094440460205,0.03827904909849167,0.6729121122261462,-16.005203127861023,-18.430921695683907,45.691790378340556,0.5714285714285714,camelsbr_61295000
229,0.20066040754318237,1.1777372360229492,1.0852360277943915,0.562575936674417,0.9418178796768188,1.2358540296554565,0.3327867090702057,0.6362314901668294,-8.013217896223068,-2.101174163051377,12.977008782771652,0.6190476190476191,camelsbr_61320000
230,0.4833794832229614,1.4057711362838745,1.1856521987007296,0.7492170508087066,1.066178321838379,1.0367153882980347,0.04913027212023735,0.7609090181837397,11.543654650449753,-3.0906114203917756,17.377128911479133,1.15,camelsbr_61343000
231,0.1547049880027771,0.8862244486808777,0.9413949482979381,0.5638090937362575,1.28049635887146,1.2067973613739014,0.30786535143852234,0.7376659558962464,32.9547643661499,3.2729315142055055,30.593595170302436,1.0454545454545454,camelsbr_61350000
232,0.5895087122917175,1.0321682691574097,1.0159568244553554,0.747352407999266,0.8890758752822876,0.9537129998207092,-0.05510467290878296,0.777774533606562,-3.6917980760335922,-11.344174302275746,37.72005300034117,1.1,camelsbr_61370000
233,0.5062804222106934,1.0501044988632202,1.0247460655514713,0.7055880293748156,1.0195081233978271,1.1970980167388916,0.22176267206668854,0.7821693011384868,2.054046466946602,-3.9563503056083125,32.988343275313284,1.2352941176470589,camelsbr_61390000
234,0.5717635154724121,0.7811269760131836,0.8838138808669977,0.7336529606061715,0.8772406578063965,1.028408408164978,0.03828234598040581,0.765343119334669,-8.213500678539276,-11.121584082497082,24.263974631820755,1.7058823529411764,camelsbr_61460000
235,0.5111208856105804,1.1531016826629639,1.0738257226677725,0.6805884880027664,0.8483071327209473,0.8935409188270569,-0.15649105608463287,0.7398472524672643,-14.91491049528122,-9.077476029049825,27.097410260879307,0.9285714285714286,camelsbr_61473000
236,0.5598995387554169,0.7682462930679321,0.8764966018576068,0.7608540626912492,0.9425838589668274,1.018982172012329,0.02500736340880394,0.7686261829293682,2.5116194039583206,-12.04842270410075,7.682901195939689,1.1578947368421053,camelsbr_61500000
237,0.5501236617565155,0.558801531791687,0.7475302882102417,0.7619222198092276,0.9611762762069702,1.0357474088668823,0.04566800221800804,0.7678451580287152,-2.6097919791936874,5.153751061476156,-18.82608221159743,1.3888888888888888,camelsbr_61520000
238,0.5489966571331024,1.6428842544555664,1.281750464971855,0.5350080900658787,0.6296006441116333,0.8098400235176086,-0.2304701805114746,0.7929710725384458,-39.48063254356384,-9.151582057339104,1.067668679814788,0.7777777777777778,camelsbr_61565000
239,0.5672096908092499,0.5446111559867859,0.7379777476230471,0.6334492830546085,0.732788622379303,0.8989623785018921,-0.15744012594223022,0.7703286983420983,-26.850831508636475,-9.114024520206353,28.700845929489045,0.9473684210526315,camelsbr_61610000
240,0.4563903212547302,1.7134299278259277,1.308980491766752,0.48993168917334007,0.6037899851799011,0.964475691318512,-0.033142149448394775,0.680742534373084,-44.22917664051056,-7.1118672740077455,6.756150292708428,0.95,camelsbr_61700000
241,0.48222750425338745,1.1546517610549927,1.0745472353763665,0.5822456876283026,0.7161891460418701,1.0383472442626953,0.03980053588747978,0.6958626074647118,-33.33536386489868,-8.929441158039717,38.7938658328701,1.35,camelsbr_61770000
242,0.6848801076412201,0.4724167585372925,0.6873258023217901,0.7344011786449577,0.7977614998817444,1.0124783515930176,0.01554282009601593,0.8282833330260949,-14.789240062236786,-29.501983963228184,10.940367847383014,1.3125,camelsbr_61795000
243,0.4444516897201538,0.5982572436332703,0.773470906778833,0.6794207751730958,0.9241184592247009,1.1262733936309814,0.15346641838550568,0.7152754643148915,-3.4811075776815414,-6.889045394257462,43.82791632405977,0.75,camelsbr_61826000
244,0.367148220539093,0.6690509915351868,0.8179553725816505,0.5818440531844932,0.8181908130645752,1.102900505065918,0.08395888656377792,0.6377689943416884,-15.316645801067352,-19.20614156869218,48.96305509063071,1.0,camelsbr_61953001
245,0.21195071935653687,1.070351004600525,1.0345776938444617,0.46763548768926866,0.7680162787437439,1.041265845298767,0.030984755605459213,0.5226189603139639,-23.00224006175995,-16.98148993677073,12.415597302457297,1.5625,camelsbr_61956001
246,0.14115571975708008,0.655509352684021,0.8096353207982103,0.5468480443506505,1.1207566261291504,1.2830148935317993,0.3139830231666565,0.6673333467359271,30.12750744819641,-23.709136597058297,30.207477345450446,1.2608695652173914,camelsbr_62420000
247,0.30236637592315674,0.26977473497390747,0.519398435667559,0.663298559243332,1.1887232065200806,1.0318106412887573,0.058475542813539505,0.7229810572737074,27.99743413925171,14.772470136657551,-22.35072176942521,1.2,camelsbr_62477100
248,0.33052748441696167,1.647563099861145,1.283574345280064,0.41478386244585463,0.6083287000656128,1.1243085861206055,0.09546791762113571,0.5833239917175508,-41.64576232433319,-7.419055404921182,68.09856006018882,0.7619047619047619,camelsbr_62490000
249,0.2176039218902588,0.3554472327232361,0.5961939556245401,0.27879890550391206,0.5099759101867676,0.7776994109153748,-0.22911542654037476,0.5198022717695376,-46.769410371780396,-24.697191947365148,15.459949641905627,1.3157894736842106,camelsbr_62600000
250,0.45755451917648315,0.8975574374198914,0.9473950799006143,0.583155335370961,0.7345232963562012,0.9839656352996826,-0.02101035788655281,0.6790257122435259,-23.27578514814377,-19.51100011829614,58.74719038113029,1.3333333333333333,camelsbr_62622000
251,0.4048827886581421,1.130959391593933,1.0634657453787277,0.37811041220991903,0.47930824756622314,0.8701258301734924,-0.1508057564496994,0.6857398237748938,-45.53651213645935,-35.95136113051952,45.78450100812778,0.7894736842105263,camelsbr_62625000
252,0.2727387547492981,0.23934108018875122,0.4892249791136499,0.2958092253108303,0.41996610164642334,0.8266793489456177,-0.2977813184261322,0.6402705518918828,-51.66127681732178,-33.517515196399415,53.307858905511004,1.05,camelsbr_62670000
253,0.23997610807418823,0.553439736366272,0.7439353038848687,0.4983309163437386,0.7745746374130249,0.894297182559967,-0.18577878177165985,0.5644748115386633,-28.115937113761902,46.014107412195614,29.995597172417128,1.4761904761904763,camelsbr_62760005
254,0.23716163635253906,1.0528151988983154,1.0260678334780384,0.24540035485235345,0.3766440451145172,0.8003320097923279,-0.3023667633533478,0.6245260706091686,-62.56852149963379,-16.210232397896142,79.79426450981374,0.7368421052631579,camelsbr_62760150
255,0.4947843551635742,0.35033363103866577,0.591889880838206,0.48405607085336066,0.5658861994743347,0.9540259838104248,-0.074254110455513,0.7249913891314748,-44.315093755722046,-5.442803182111898,50.66094209224959,1.5263157894736843,camelsbr_62767500
256,0.2325471043586731,1.0149388313293457,1.0074417260215827,0.23043067470264056,0.4604838490486145,1.2319620847702026,0.13540960848331451,0.5026541841632763,-54.37031388282776,-32.103828863241574,8.810367383489401,0.75,camelsbr_63790000
257,0.4386846423149109,2.831388235092163,1.6826729435906917,0.4345135058899282,0.5545518398284912,0.8269898891448975,-0.16597744822502136,0.6976452197126308,-43.25568675994873,-24.24713978793821,0.8799286783094699,0.9565217391304348,camelsbr_64040000
258,0.3968467116355896,0.6205570697784424,0.7877544476411684,0.47316520054811695,0.6262252926826477,0.8397642374038696,-0.20970018208026886,0.6650793012240509,-31.025654077529907,-25.844816219207058,26.05917680116192,1.3529411764705883,camelsbr_64065000
259,0.34489917755126953,3.8156754970550537,1.9533754111934176,0.4107933266571062,0.6036692261695862,1.173132061958313,0.12214242666959763,0.5998603859290512,-27.10126042366028,-17.990606154273888,32.0455728240481,0.8571428571428571,camelsbr_64231000
260,0.29834485054016113,0.3924430012702942,0.6264527127168452,0.6142679118656968,0.9211204051971436,0.9655193090438843,-0.05239262804389,0.6239968945721647,-7.35328271985054,1.9110127743329226,-4.577096046854125,1.1818181818181819,camelsbr_64327000
261,-0.4161694049835205,0.1823972761631012,0.4270799411856066,0.4094908297296397,1.4175649881362915,1.1105738878250122,0.3166855275630951,0.597366200887966,35.10006070137024,34.25460543903705,-19.05381643556924,1.0454545454545454,camelsbr_64346000
262,0.44141513109207153,2.9261178970336914,1.7105899266141174,0.6087761032995986,0.8461243510246277,1.1854565143585205,0.11560354381799698,0.6918047643394821,-16.11633598804474,-4.901125000876804,14.409696051537821,0.9545454545454546,camelsbr_64380000
263,0.17414849996566772,0.22575828433036804,0.47514027858135544,0.605552938643461,1.0522992610931396,0.989320695400238,-0.02449405938386917,0.6091813413420666,0.3627096302807331,11.212657078862327,13.578923909333069,1.1904761904761905,camelsbr_64395000
264,0.35310614109039307,1.7795597314834595,1.3340013986062607,0.6489482072344537,0.9447895884513855,1.0944749116897583,0.1164199560880661,0.666437917739817,21.398527920246124,-36.45965099979154,-12.69573980821416,1.4285714285714286,camelsbr_64442800
265,0.28397440910339355,3.974961042404175,1.9937304337357582,0.5764735564028944,0.8739359974861145,1.0801323652267456,0.08622609078884125,0.6036903739002056,-4.109831899404526,-27.432446396628457,-194.4765584599495,1.2,camelsbr_64453000
266,0.5738992691040039,2.172248125076294,1.4738548521059642,0.6633835468628531,0.7819533348083496,1.1016863584518433,0.10183074325323105,0.7645723618046586,-24.92504119873047,-19.344162809407333,-7.261064223929005,0.9130434782608695,camelsbr_64477600
267,0.28354787826538086,2.1741445064544678,1.4744980523739146,0.42455147391239056,0.6502146124839783,1.0152233839035034,0.014775846153497696,0.5433169179406848,-35.45018136501312,-26.185515838209145,26.88855934153774,1.125,camelsbr_64504550
268,0.3090786337852478,2.665315866470337,1.6325795130621776,0.5788262950591045,0.8585108518600464,0.9172725081443787,-0.0688576027750969,0.6120254225035501,-16.16201102733612,7.4685677981385705,17.26966452610144,0.9047619047619048,camelsbr_64508500
269,-0.7974239587783813,0.18086518347263336,0.4252824749182987,0.2844646605759472,1.4968347549438477,0.9759122729301453,-0.10371392220258713,0.4856403693434043,40.03322422504425,24.870876796898457,-44.7190898928646,0.9166666666666666,camelsbr_64618000
270,0.3983495831489563,10.648860931396484,3.2632592497986557,0.5193290172495275,0.6950328946113586,1.0732835531234741,0.048279695212841034,0.635762194259331,-32.723358273506165,-19.983704284347805,42.2646497909232,1.0416666666666667,camelsbr_64619950
271,0.34280627965927124,9.1448392868042,3.024043532557724,0.5345970648663714,0.7918462753295898,1.1727819442749023,0.1187925934791565,0.6212938887878673,-21.808157861232758,-15.252798845072189,-19.851968031166933,1.0,camelsbr_64620000
272,0.2010241150856018,1.9847756624221802,1.4088206636836997,0.38017474042237376,0.6588795185089111,1.028432846069336,0.0410446971654892,0.48326821001397935,-39.03280794620514,44.47897822028751,67.41535621403371,1.25,camelsbr_64671000
273,0.31543582677841187,1.0691697597503662,1.03400665362964,0.5746100010911281,0.8370100259780884,0.985629677772522,-0.025930853560566902,0.6073367684909815,-11.366792023181915,8.094797841643768,65.2940406046421,1.2916666666666667,camelsbr_64673000
274,0.14712142944335938,0.3377109169960022,0.5811290020262302,0.5784629739846034,1.0118334293365479,0.997931718826294,-0.0058650001883506775,0.5786341773885446,2.6368441060185432,0.5220115420931551,20.890394911869784,1.4285714285714286,camelsbr_64682000
275,0.32032185792922974,0.46549996733665466,0.6822755801995661,0.3339262027566501,0.46645399928092957,0.9143869876861572,-0.17806535959243774,0.610573009906336,-45.10364830493927,-42.93960325003592,-83.71898831205807,1.4736842105263157,camelsbr_64700000
276,0.08793985843658447,0.7076295614242554,0.8412072048100012,0.4249472586544687,0.769064724445343,0.8967255353927612,-0.25378963351249695,0.4835806560617686,-16.373054683208466,-21.31678712548895,0.09981625667923028,1.04,camelsbr_64723000
277,0.026973068714141846,21.465085983276367,4.63304284280605,0.38083154628755167,0.8029996752738953,0.902175784111023,-0.06849201023578644,0.42121604296924364,-19.455890357494354,-14.821206526332709,44.471365631475315,1.0909090909090908,camelsbr_64764000
278,0.24139606952667236,37.01891326904297,6.084316992813817,0.5422954143594008,0.8584128022193909,0.9281294345855713,-0.039475735276937485,0.5707201670610677,-11.366013437509537,-21.845310401251492,8.570462921052945,0.9565217391304348,camelsbr_64773000
279,0.08224707841873169,1.2541295289993286,1.119879247508109,0.5468724347347576,1.0045595169067383,1.09331476688385,0.16402901709079742,0.5566083497739314,3.144301101565361,-9.098543340872672,11.968678164501643,0.9523809523809523,camelsbr_64785000
280,0.19868046045303345,2.921570062637329,1.7092600921560561,0.46422870353528944,0.7862143516540527,1.1619598865509033,0.1622161567211151,0.536194465508228,-17.938479781150818,-33.68974083286398,72.75015289267714,1.125,camelsbr_65006075
281,-0.32030797004699707,15.654374122619629,3.956560895856353,0.37501281605904213,1.071984887123108,1.133905291557312,0.12417567521333694,0.39378508018255337,15.966406464576721,-24.756831602192072,65.56743933474164,0.8695652173913043,camelsbr_65009000
282,0.09879446029663086,3.452441453933716,1.8580746631752223,0.528828862455236,1.0033018589019775,1.237251877784729,0.2904723286628723,0.5929338075071349,5.599917098879814,-26.218221280927846,-8.408799336299143,1.0,camelsbr_65010000
283,0.10310107469558716,3.2311511039733887,1.7975402927259763,0.49073320399677955,0.8949214220046997,1.1134414672851562,0.131844624876976,0.514776138820377,-9.685126692056656,-28.39429296216009,-1.8118835926771204,1.6363636363636365,camelsbr_65015400
284,0.20524966716766357,0.8049299716949463,0.8971788961488931,0.49734681289833593,0.8161313533782959,1.0984594821929932,0.12019304186105728,0.5426617469976395,-8.787273615598679,-19.975586814472514,24.982311998776964,1.4166666666666667,camelsbr_65024000
285,0.1374737024307251,3.709493398666382,1.9260045167824456,0.49619841737279713,0.8741872310638428,1.0928741693496704,0.09680437296628952,0.5210829189745889,-7.323872298002243,-19.730081707459156,-16.57542236562725,1.2727272727272727,camelsbr_65027000
286,0.4615272283554077,1.642722249031067,1.281687266469893,0.5742678932231983,0.720727264881134,0.9287759065628052,-0.09388681501150131,0.6866604163628675,-18.388845026493073,-26.271799696618025,-39.17023709357919,1.0476190476190477,camelsbr_65135000
287,0.41071897745132446,1.7717044353485107,1.3310538814595414,0.552027829559065,0.727006196975708,0.9343751668930054,-0.0849095806479454,0.6509343467489601,-27.209466695785522,-22.895086562300154,-5.6442311631925115,1.263157894736842,camelsbr_65136550
288,0.43480348587036133,4.072470188140869,2.0180362207207456,0.49298588188009673,0.6451372504234314,0.8306581974029541,-0.16205541789531708,0.6799076713992603,-26.692137122154236,-43.366010511562976,18.720799575815356,1.4814814814814814,camelsbr_65180000
289,0.23971807956695557,12.671614646911621,3.5597211473529247,0.4132937319559524,0.6716844439506531,0.9717728495597839,-0.019682077690958977,0.5145760939176899,-32.07387328147888,-24.075887211647498,37.41431737568385,1.3333333333333333,camelsbr_65809000
290,0.0588458776473999,54.562538146972656,7.386645933505454,-0.018740375122626274,0.3154772222042084,0.8894906640052795,-0.0408133827149868,0.2536433793140652,-44.02194321155548,-15.266235982284721,14.522892949688964,1.375,camelsbr_65855000
291,0.38197648525238037,11.37968921661377,3.373379494900295,0.544188687849454,0.7512686848640442,0.883030116558075,-0.09906288236379623,0.6363865630608203,-22.257818281650543,-11.53040289176748,46.561136861832146,0.8,camelsbr_65925000
292,0.3030584454536438,4.826673984527588,2.196969272549707,0.6399306767550086,0.9716223478317261,1.0301108360290527,0.03268716111779213,0.6423158321183979,2.0494231954216957,-10.991633099720543,-32.2845116783502,0.56,camelsbr_65945000
293,0.2789592146873474,84.40357971191406,9.187142086193838,0.22136943616082516,0.43909338116645813,0.673256516456604,-0.16975419223308563,0.5700139352779422,-55.7164192199707,-25.280731359158594,39.14403949586892,0.6521739130434783,camelsbr_65948000
294,0.19906342029571533,13.587918281555176,3.6861793610125884,0.43950173798730674,0.7463688850402832,0.8988634347915649,-0.07698564231395721,0.5105094950651436,-28.36267650127411,-6.5348377637228685,-13.63543071250303,1.1304347826086956,camelsbr_65979000
295,0.3138905167579651,2.2373032569885254,1.495761764783592,0.6179518488524949,0.9123834371566772,0.9855825901031494,-0.019358713179826736,0.6284138511695906,-14.981716871261597,15.272819176852643,28.60002204640393,2.0,camelsbr_66006000
296,0.06160104274749756,12.165103912353516,3.4878509016805057,0.40200268874744316,0.8042179942131042,1.0962703227996826,0.06727475672960281,0.443221574211615,-22.281506657600403,-9.830229349849178,42.12243813894169,0.96,camelsbr_70100000
297,0.24346613883972168,33.240509033203125,5.765458267406254,0.29606714614888896,0.5192433595657349,0.8960934281349182,-0.04940212517976761,0.49641491311539515,-45.79120874404907,-22.08141054615887,14.475785395982586,1.12,camelsbr_70300000
298,0.24970316886901855,35.382625579833984,5.94832964619766,0.2715405318480921,0.506363034248352,0.7755746841430664,-0.1183398962020874,0.5135752675015565,-46.03973627090454,-18.847202108464362,51.35914426709382,0.6666666666666666,camelsbr_70500000
299,0.39766013622283936,6.795228004455566,2.6067658131208424,0.4653386888810934,0.6265084743499756,0.8431190252304077,-0.1600729525089264,0.6510656829282222,-32.922691106796265,-31.918045104479997,11.036791451722813,0.92,camelsbr_71200000
300,0.3566988706588745,6.4103498458862305,2.5318668697003464,0.5234348622017978,0.7277022004127502,1.008104920387268,0.007195828016847372,0.6089724444875049,-23.776941001415253,-18.022533664686595,45.87414292862011,0.8461538461538461,camelsbr_71250000
301,0.27814632654190063,4.8970513343811035,2.2129282262154604,0.4699190489972038,0.7200638651847839,0.8859274387359619,-0.12805689871311188,0.5645588147551862,-22.971509397029877,-32.25620144717089,-9.486724768033314,2.0,camelsbr_71300000
302,0.4144172668457031,8.184374809265137,2.8608346350785703,0.6163260894776659,0.8188100457191467,0.9761911034584045,-0.017091665416955948,0.6626440951625806,-16.978605091571808,-18.330597765659036,-37.31598333358829,0.8181818181818182,camelsbr_72430000
303,0.2840847373008728,10.490710258483887,3.238936593773315,0.3807729593065533,0.6213709712028503,0.783410906791687,-0.16234074532985687,0.560487370851199,-38.08073103427887,-18.286539962377653,32.39217311528142,1.2941176470588236,camelsbr_72715000
304,0.37963855266571045,25.620464324951172,5.061666160954432,0.35824498586994236,0.5107912421226501,0.8015282154083252,-0.09103324264287949,0.6351257201471077,-46.036770939826965,-17.0859707618985,82.06820308321446,0.7142857142857143,camelsbr_72870000
305,0.32593947649002075,21.1766414642334,4.6018084993004,0.3703394365393702,0.5927128195762634,0.7339569926261902,-0.18517038226127625,0.6002366999491582,-41.14343822002411,-21.737013290354103,40.481068165863334,0.9090909090909091,camelsbr_73300000
306,0.41751331090927124,16.274459838867188,4.034161602968724,0.5289641955515305,0.7329419255256653,0.8064072132110596,-0.13504064083099365,0.66373143644734,-26.893076300621033,-14.562906656655855,12.196177638244182,0.88,camelsbr_73330000
307,0.39584124088287354,17.522449493408203,4.185982500370517,0.5505172958595435,0.7695403099060059,0.8375591039657593,-0.11085934937000275,0.6499485925484795,-23.797665536403656,-3.7229573061262693,2.6115736519779666,0.76,camelsbr_73350000
308,0.36633843183517456,9.983839988708496,3.159721504928638,0.49437086071336345,0.719120442867279,0.7582371234893799,-0.2450520247220993,0.6560258550094468,-25.91935694217682,2.2917971031729203,-2.640733740383234,0.6923076923076923,camelsbr_73600000
309,0.3793199062347412,8.666792869567871,2.943941723194919,0.4540109325929359,0.6346867084503174,0.8112258911132812,-0.17687591910362244,0.6408139805627209,-37.38303482532501,-4.992897783149474,20.369843486152313,0.75,camelsbr_73690001
310,0.09528285264968872,51.551483154296875,7.17993615252231,0.29323575667655033,0.6554497480392456,0.8399430513381958,-0.0688692033290863,0.4040280269178579,-35.23953557014465,-21.943290066963577,-80.1413997464409,0.7777777777777778,camelsbr_73765000
311,0.2767597436904907,32.24653625488281,5.678603371858507,0.4456276160257291,0.7052710056304932,0.857599139213562,-0.07258732616901398,0.5525789959796957,-29.33054268360138,-18.813534857737903,-13.69232727006536,0.8888888888888888,camelsbr_73780000
312,0.25909125804901123,30.724191665649414,5.542940705586648,0.42633589165457353,0.6941658854484558,0.8508535623550415,-0.07851315289735794,0.5381435897185743,-29.363584518432617,-16.795635238022435,-18.681527224049045,0.6923076923076923,camelsbr_73820000
313,0.2345460057258606,34.050750732421875,5.835302111495332,0.27569090342712865,0.577605664730072,0.6366779804229736,-0.22886735200881958,0.5371784328701226,-43.741101026535034,-13.264167676709427,-27.10159937440575,1.24,camelsbr_73900000
314,0.2536463737487793,22.405563354492188,4.73345152658102,0.3782030804336165,0.6300800442695618,0.8530933260917664,-0.08671091496944427,0.5222876757965583,-38.601332902908325,-22.672686852117575,-19.94618640718673,1.25,camelsbr_74205000
315,0.23103845119476318,37.76121139526367,6.145015166398181,0.3984756263473116,0.7042618989944458,0.7774063944816589,-0.11680055409669876,0.5258453474927902,-28.79871129989624,-21.719664315110368,-1023.0290310312721,1.0740740740740742,camelsbr_74295000
316,0.3113327622413635,34.11952209472656,5.841191838548582,0.41500684898075135,0.6451376080513,0.823064923286438,-0.0882953628897667,0.5699027457094819,-35.215458273887634,-11.905384804396157,2.4304210262325063,0.5925925925925926,camelsbr_74320000
317,0.12309002876281738,3.877434015274048,1.9691201119469701,0.5479638802921705,0.9764617085456848,0.8288246393203735,-0.24617153406143188,0.5822900548800367,12.343879044055939,-12.944683577209764,15.840005009191337,0.8095238095238095,camelsbr_74460000
318,0.2821815013885498,7.051861763000488,2.655534176583026,0.49919289423542446,0.7696583271026611,0.8487693667411804,-0.1450519859790802,0.5818137179733385,-22.052156925201416,-11.011316130242223,22.17940544040276,1.2173913043478262,camelsbr_74470000
319,0.37637609243392944,7.905647277832031,2.811698290683414,0.5796365235856387,0.8126280307769775,0.8744184970855713,-0.10956452041864395,0.6452797107883349,-12.142087519168854,-18.486368510775492,-33.00788689565291,0.7692307692307693,camelsbr_74700000
320,0.1614399552345276,10.377530097961426,3.221417405112449,0.460746197724643,0.7981064915657043,1.0189287662506104,0.014522717334330082,0.5003247291202509,-21.45185023546219,-18.587038483088715,19.56803546747333,1.4444444444444444,camelsbr_74750000
321,0.3374975919723511,9.61208724975586,3.100336634908516,0.5236243610274166,0.7545984387397766,0.8967886567115784,-0.07798923552036285,0.6049566583852076,-16.016559302806854,-20.284952387768467,29.28918756796115,0.625,camelsbr_74880000
322,0.2853829264640808,14.309344291687012,3.7827693944631373,0.48692234896754294,0.7379931211471558,0.9363833069801331,-0.04080181196331978,0.5634751006047984,-22.392143309116364,-22.027032017452303,-6.631834293069073,0.782608695652174,camelsbr_74900000
323,0.18087458610534668,5.926599979400635,2.43446092172387,0.6032679137303556,1.0384118556976318,0.9629653692245483,-0.034542787820100784,0.6068723950915494,0.26183505542576313,5.769747183970962,-153.8291146550405,0.6842105263157895,camelsbr_75200000
324,0.21351027488708496,6.157087802886963,2.481347981014949,0.603412729039339,0.9925440549850464,1.0196715593338013,0.016792062669992447,0.6039710842307906,1.6813494265079498,-14.577701542907088,-75.9583817040198,0.5714285714285714,camelsbr_75205000
325,0.24786406755447388,53.07124710083008,7.285001516872188,0.2939309852668095,0.5092873573303223,0.9174643158912659,-0.03333001211285591,0.4990784325474268,-49.00102913379669,-30.92114503707968,-17.415187906472205,0.6666666666666666,camelsbr_75600000
326,0.23799854516983032,14.296879768371582,3.7811214961134985,0.377205474196178,0.6250093579292297,1.0139354467391968,0.007680176291614771,0.5029478467456981,-34.31738018989563,-53.51036778457032,44.27826388472852,0.75,camelsbr_76085000
327,0.23272544145584106,65.77969360351562,8.110468149466813,0.22176871143787047,0.41679349541664124,0.9418599009513855,-0.018879078328609467,0.4880099215889525,-53.03467512130737,-17.65762281329607,86.98847216782568,0.42857142857142855,camelsbr_76460000
328,0.2604307532310486,3.6625587940216064,1.9137812816572344,0.3292330473431444,0.5528517961502075,0.7640421986579895,-0.22853001952171326,0.559193121019745,-47.812119126319885,-7.167651817927044,-81.26066334670197,1.36,camelsbr_81019300
329,0.2221410870552063,1.5382153987884521,1.2402481198487874,0.6095023860307296,0.9970747828483582,1.0350849628448486,0.048073552548885345,0.6110927167016736,-1.0429417714476585,2.557341172613882,27.301178825482992,0.9166666666666666,camelsbr_81019350
330,0.3179471492767334,1.8053297996520996,1.343625617369697,0.5252735484215716,0.7705428004264832,1.1302193403244019,0.1455863118171692,0.6053387265038501,-21.16466909646988,-24.519171916783232,-4.413903371242761,0.9047619047619048,camelsbr_81102000
331,-0.04725921154022217,2.235307216644287,1.4950943838581854,0.45740152778246757,1.0084197521209717,1.2408829927444458,0.2583642601966858,0.5138749197649838,9.963622689247131,-10.441073337978981,0.04948037784369238,1.25,camelsbr_81120000
332,0.24072885513305664,1.1850700378417969,1.0886092218247083,0.48929313758034676,0.7725571393966675,0.9702578783035278,-0.05010451748967171,0.543703330408722,-22.106802463531494,-1.22577569607607,-42.45062741297977,0.9166666666666666,camelsbr_81125000
333,0.2919161319732666,1.6768391132354736,1.2949282270595053,0.4465780447087848,0.683793306350708,1.1391373872756958,0.1296752244234085,0.5676460073599093,-30.72781264781952,-17.60262358111274,1.8390706924885019,0.88,camelsbr_81140000
334,0.3001735210418701,43.821258544921875,6.6197627257267975,0.2709346253759324,0.4346711039543152,0.8064438700675964,-0.13077864050865173,0.5822972536155767,-56.0810387134552,-17.586648647422663,7.079661632613618,0.7916666666666666,camelsbr_82270050
335,0.23439806699752808,20.39287567138672,4.515847170951063,0.2735913021401962,0.5166629552841187,0.7597773671150208,-0.17213159799575806,0.5138436628187366,-48.309141397476196,18.4783389024269,-57.92146887044227,0.8333333333333334,camelsbr_82320000
336,0.27897346019744873,21.860626220703125,4.675534859318571,0.25840922531381616,0.44436150789260864,0.7854987978935242,-0.14010603725910187,0.5581720046407702,-54.83429431915283,-19.50881875101926,10.805969633054374,0.6666666666666666,camelsbr_82350000
337,0.3390275239944458,19.65812873840332,4.433748835737465,0.6008534069893694,0.8681282997131348,0.9199017286300659,-0.06657356768846512,0.631880285370379,-7.611886411905289,-10.016212458078442,53.85570858613114,0.92,camelsbr_82770000
338,0.37094932794570923,7.307035446166992,2.703152871401651,0.41976338586388184,0.5898992419242859,0.8347246646881104,-0.1325812190771103,0.624266104606713,-43.72929036617279,-15.79386073340762,29.30489414142567,0.9166666666666666,camelsbr_83029900
339,0.476589560508728,3.7839531898498535,1.9452385945816142,0.6075154046994073,0.7733650803565979,0.874675452709198,-0.12607139348983765,0.7050855571647021,-17.85029172897339,-12.06390302236643,1.4165226552518522,0.8181818181818182,camelsbr_83050000
340,0.1270715594291687,7.075169086456299,2.6599189999803188,0.4156257279142763,0.8394650220870972,1.2915725708007812,0.20182503759860992,0.5196800579833827,-16.676533222198486,-22.46366035786235,-1.3310045017545524,0.75,camelsbr_83105000
341,0.3378915786743164,3.226194381713867,1.7961610121906852,0.5909957244321773,0.8608267307281494,1.116621971130371,0.10849545150995255,0.6335104170612603,-3.571716696023941,-23.830204743071466,-39.59962857195948,1.0,camelsbr_83250000
342,0.22626131772994995,13.70440673828125,3.701946344597832,0.24965448598103213,0.4924828112125397,0.7911547422409058,-0.11030085384845734,0.48830834303733267,-50.85393786430359,-29.261665796893578,-5.150403224394019,0.9545454545454546,camelsbr_83345000
343,0.16757696866989136,8.795741081237793,2.9657614673533326,0.4317370942090345,0.761128306388855,0.868474006652832,-0.12815672159194946,0.5014381109998722,-29.13062870502472,60.32723692399227,7.330575580131049,1.0952380952380953,camelsbr_83675000
344,0.36956357955932617,3.106574296951294,1.7625476722492626,0.6250363571012519,0.8883800506591797,1.1009010076522827,0.08803168684244156,0.6565502845250756,-9.661785513162613,-23.135486624125665,-124.3579697475382,1.1363636363636365,camelsbr_83892990
345,0.3681374192237854,3.131716251373291,1.7696655761395403,0.5396067337860312,0.7459710836410522,0.9281550049781799,-0.06776130199432373,0.6228136191231453,-27.426376938819885,-21.74082723382948,-24.186228348010005,1.2173913043478262,camelsbr_83892998
346,0.11147594451904297,3.155322551727295,1.7763227611352885,0.5448879339646464,0.9986636638641357,1.168166995048523,0.20940639078617096,0.5770992212905607,7.986392080783844,-5.281356823872468,43.19622534121778,1.0,camelsbr_84071000
347,0.2441725730895996,3.0844459533691406,1.7562590792275325,0.45244117578228227,0.7268983721733093,1.1203621625900269,0.11765361577272415,0.5409258048269832,-27.924546599388123,-4.482563440116397,32.992862316504365,1.0,camelsbr_84095000
348,0.26480019092559814,3.8284928798675537,1.956653489984252,0.51467668628238,0.790959358215332,1.054425835609436,0.06322460621595383,0.5653983923887071,-20.021887123584747,-0.13034033444630722,27.537945649726076,1.0,camelsbr_84095500
349,0.07910770177841187,35.93949890136719,5.994956121721592,-0.037853630709079544,0.2569250762462616,0.7631648778915405,-0.12988732755184174,0.31524534218432276,-70.45847177505493,-10.999136748235562,-11.507276553835705,1.0526315789473684,camelsbr_84150100
350,0.28411227464675903,3.6282639503479004,1.9048002389615297,0.6487082010388721,1.196355938911438,1.0794830322265625,0.082497239112854,0.7197630986832313,27.811700105667114,-10.436911340212264,58.995393276142075,0.96,camelsbr_84249998
351,0.4230985641479492,7.8042216300964355,2.793603699542302,0.5416272120812815,0.7156696319580078,0.8871319890022278,-0.08639471232891083,0.6586458340566348,-27.822253108024597,-10.359350625243788,0.598911997502602,0.6521739130434783,camelsbr_84300000
352,0.2797984480857849,3.009042739868164,1.7346592575685185,0.5983197737001289,0.910420835018158,0.9535302519798279,-0.06510996073484421,0.611202957932531,-3.8388408720493317,-8.970255344106507,5.768373079393431,0.8461538461538461,camelsbr_84520000
353,0.17564409971237183,5.925873756408691,2.4343117623691284,0.3991830716447844,0.7030965685844421,0.842913806438446,-0.1889692097902298,0.501850161493346,-26.1688232421875,-12.555945704802133,2.5625770878599203,0.9545454545454546,camelsbr_84520010
354,0.361630380153656,10.185980796813965,3.1915483384736576,0.4929290397136705,0.7120233774185181,0.8158488273620605,-0.14859110116958618,0.6254619255291463,-29.521849751472473,9.044646582738027,-37.24669760597015,1.0476190476190477,camelsbr_84551000
355,0.2468065619468689,3.2937698364257812,1.8148746062540468,0.5947893553513213,0.9536582231521606,1.1124320030212402,0.11750143766403198,0.6134677879505841,1.4799240976572037,-1.2968945626334514,40.119794269113754,0.6923076923076923,camelsbr_84559800
356,0.4518616199493408,3.0412914752960205,1.7439298940312997,0.6404655106718877,0.8325384855270386,0.9186798334121704,-0.08911685645580292,0.6924146936328456,-8.70363563299179,-14.416011928619191,-6.401924005504657,0.7083333333333334,camelsbr_84560000
357,0.30843979120254517,3.6271626949310303,1.904511143294003,0.4447760918719078,0.6593506932258606,0.8737763166427612,-0.14772248268127441,0.5801199936755003,-33.61311852931976,-4.982692868207401,-8.057214077985199,0.6666666666666666,camelsbr_84598002
358,0.27982789278030396,3.4509527683258057,1.857674021007401,0.46891516561522983,0.7152390480041504,0.7946072816848755,-0.2628396451473236,0.6015327707388723,-29.080674052238464,9.238861683477626,-11.884827698528582,0.6363636363636364,camelsbr_84600000
359,0.3064066171646118,24.96588897705078,4.996587733348708,0.42465130951422814,0.6446569561958313,0.8833827376365662,-0.0601331889629364,0.5627839767545805,-36.3123893737793,-15.779544790442177,92.56995259154654,0.8095238095238095,camelsbr_84949000
360,0.27951580286026,37.603179931640625,6.132143176055222,0.3969444930621495,0.628569483757019,0.8851526379585266,-0.054557692259550095,0.5389952283504483,-35.75960397720337,-17.62471491046668,66.41019870786474,0.782608695652174,camelsbr_84949800
361,0.29790568351745605,36.66127395629883,6.054855403417891,0.3699170121345763,0.61843341588974,0.7487011551856995,-0.14084485173225403,0.5661101475226165,-35.77651381492615,-17.607622231677322,56.027490638956735,0.9166666666666666,camelsbr_84950000
362,0.3994750380516052,4.918094635009766,2.2176777572518884,0.5849934010680575,0.7829170227050781,0.9833235740661621,-0.013285419903695583,0.6466908507497948,-10.543349385261536,-41.545006066413066,90.80406250078376,1.434782608695652,camelsbr_85438000
363,0.19208532571792603,9.843401908874512,3.137419625882791,0.45362052397431163,0.7639313340187073,0.9771935343742371,-0.01180519349873066,0.5077785235388652,-24.18641597032547,-6.452550107796212,-4.507474210330688,1.105263157894737,camelsbr_85470000
364,0.24805933237075806,18.89512825012207,4.346852683278106,0.5311844914660614,0.8481723666191101,1.1154793500900269,0.04923216626048088,0.5717467215692581,-15.334129333496094,-24.10475592885167,9.928506634942082,1.0,camelsbr_85623000
365,-0.4076526165008545,24.931703567504883,4.993165685965656,0.3064596623955478,1.2888920307159424,1.396044373512268,0.24399355053901672,0.5093999096182394,25.40966272354126,-14.139831982086628,-9.735166312643726,1.1153846153846154,camelsbr_86100000
366,-0.007615447044372559,11.385261535644531,3.3742053191299033,0.4937840704742862,1.0554380416870117,1.1815286874771118,0.11806529015302658,0.5307148772203313,3.8050752133131027,-31.742948141364437,-5.825441536717286,0.3333333333333333,camelsbr_86160000
367,0.12683534622192383,13.864468574523926,3.7235021920933424,0.5373677630585789,0.9818235039710999,0.8536912798881531,-0.10841293632984161,0.5614889282255604,7.69868940114975,3.3009842109014773,11.688637538263974,1.0454545454545454,camelsbr_86420000
368,0.37848466634750366,11.737751007080078,3.4260401350655654,0.6063198065157284,0.833167314529419,1.0159204006195068,0.00944766215980053,0.6437732595037227,-16.9639453291893,-17.75653071565474,31.706189007717356,1.2380952380952381,camelsbr_86480000
369,0.3656274080276489,14.727762222290039,3.837676669847271,0.5700936885337455,0.7898543477058411,0.964862585067749,-0.01888124644756317,0.6266052979322531,-18.272405862808228,-20.318264749664017,31.786434297971322,0.4782608695652174,camelsbr_86500000
370,-0.11539959907531738,35.7183837890625,5.976485906371946,0.3621637311356878,0.8831521272659302,1.0699565410614014,0.033368468284606934,0.37687259498639103,-9.567612409591675,-21.124351317409932,30.669400630904285,0.85,camelsbr_86700000
371,0.049210429191589355,20.407066345214844,4.517418106088349,0.40529621902925683,0.8235442638397217,1.113277792930603,0.055051278322935104,0.4434893514892969,-14.333292841911316,-20.702596485226202,44.25647830179001,0.5263157894736842,camelsbr_86745000
372,0.09144473075866699,1.204358696937561,1.0974327755892663,0.5075184913891021,0.9225269556045532,0.9445860981941223,-0.1051454171538353,0.516817567369823,-3.0490778386592865,5.087010759107621,-5.93965430440496,1.5,camelsbr_87317060
373,0.33596670627593994,1.5217304229736328,1.2335843801595547,0.5264155628794689,0.7539948225021362,0.9188254475593567,-0.07529227435588837,0.603547778713404,-5.038908123970032,-47.94143435726186,-64.45904944622822,1.4444444444444444,camelsbr_87399000
374,0.22142457962036133,18.32170867919922,4.280386510491689,0.3979191670930373,0.681265652179718,0.8713014125823975,-0.05886821821331978,0.5056859111149722,-31.79243803024292,-28.278866459008068,27.65616190374432,0.47619047619047616,camelsbr_88750000
375,0.20524418354034424,30.949186325073242,5.563199288635384,0.3213257110281704,0.6177404522895813,0.7840967774391174,-0.0959446057677269,0.4824459185906554,-40.31341075897217,-19.57669906484117,38.60846896427862,0.38095238095238093,camelsbr_88850000
